time,IOT,gg_crypto,gg_bitcoin_p,gg_nem_w,rd_CrypCurr_g
2017-08-29 11:00:00,-0.0020000000000000018,5.0,8.0,-12.0,11.0
2017-08-29 12:00:00,-0.012800000000000034,5.0,8.0,-12.0,11.0
2017-08-29 13:00:00,-0.014900000000000024,5.0,8.0,-12.0,11.0
2017-08-29 14:00:00,-0.027000000000000024,5.0,8.0,-12.0,11.0
2017-08-29 15:00:00,-0.03149999999999997,5.0,8.0,-12.0,11.0
2017-08-29 16:00:00,-0.04179999999999995,5.0,8.0,-12.0,11.0
2017-08-29 17:00:00,-0.02090000000000003,5.0,8.0,-12.0,11.0
2017-08-29 18:00:00,-0.03189999999999993,5.0,8.0,-12.0,11.0
2017-08-29 19:00:00,-0.03400000000000003,5.0,8.0,-12.0,11.0
2017-08-29 20:00:00,-0.041000000000000036,5.0,8.0,-12.0,11.0
2017-08-29 21:00:00,-0.04500000000000004,5.0,8.0,-12.0,11.0
2017-08-29 22:00:00,-0.050000000000000044,5.0,8.0,-12.0,11.0
2017-08-29 23:00:00,-0.054400000000000004,5.0,8.0,-12.0,11.0
2017-08-30 00:00:00,-0.06000000000000005,-5.0,1.0,0.0,-16.0
2017-08-30 01:00:00,-0.053300000000000014,-5.0,1.0,0.0,-16.0
2017-08-30 02:00:00,-0.04479999999999995,-5.0,1.0,0.0,-16.0
2017-08-30 03:00:00,-0.0393,-5.0,1.0,0.0,-16.0
2017-08-30 04:00:00,-0.03210000000000002,-5.0,1.0,0.0,-16.0
2017-08-30 05:00:00,-0.027200000000000002,-5.0,1.0,0.0,-16.0
2017-08-30 06:00:00,-0.025000000000000022,-5.0,1.0,0.0,-16.0
2017-08-30 07:00:00,0.0038000000000000256,-5.0,1.0,0.0,-16.0
2017-08-30 08:00:00,0.0044999999999999485,-5.0,1.0,0.0,-16.0
2017-08-30 09:00:00,0.0040000000000000036,-5.0,1.0,0.0,-16.0
2017-08-30 10:00:00,-0.01859999999999995,-5.0,1.0,0.0,-16.0
2017-08-30 11:00:00,-0.02059999999999995,-5.0,1.0,0.0,-16.0
2017-08-30 12:00:00,-0.006399999999999961,-5.0,1.0,0.0,-16.0
2017-08-30 13:00:00,-0.0023999999999999577,-5.0,1.0,0.0,-16.0
2017-08-30 14:00:00,0.006800000000000028,-5.0,1.0,0.0,-16.0
2017-08-30 15:00:00,0.03409999999999991,-5.0,1.0,0.0,-16.0
2017-08-30 16:00:00,0.05130000000000001,-5.0,1.0,0.0,-16.0
2017-08-30 17:00:00,0.029899999999999927,-5.0,1.0,0.0,-16.0
2017-08-30 18:00:00,0.021599999999999953,-5.0,1.0,0.0,-16.0
2017-08-30 19:00:00,0.02980000000000005,-5.0,1.0,0.0,-16.0
2017-08-30 20:00:00,0.045399999999999996,-5.0,1.0,0.0,-16.0
2017-08-30 21:00:00,0.05570000000000008,-5.0,1.0,0.0,-16.0
2017-08-30 22:00:00,0.05300000000000005,-5.0,1.0,0.0,-16.0
2017-08-30 23:00:00,0.04930000000000001,-5.0,1.0,0.0,-16.0
2017-08-31 00:00:00,0.06099999999999994,5.0,2.0,67.0,57.0
2017-08-31 01:00:00,0.06600000000000006,5.0,2.0,67.0,57.0
2017-08-31 02:00:00,0.08850000000000002,5.0,2.0,67.0,57.0
2017-08-31 03:00:00,0.07269999999999999,5.0,2.0,67.0,57.0
2017-08-31 04:00:00,0.07360000000000011,5.0,2.0,67.0,57.0
2017-08-31 05:00:00,0.07469999999999999,5.0,2.0,67.0,57.0
2017-08-31 06:00:00,0.056700000000000084,5.0,2.0,67.0,57.0
2017-08-31 07:00:00,0.01980000000000004,5.0,2.0,67.0,57.0
2017-08-31 08:00:00,0.015499999999999958,5.0,2.0,67.0,57.0
2017-08-31 09:00:00,0.03310000000000002,5.0,2.0,67.0,57.0
2017-08-31 10:00:00,0.05569999999999997,5.0,2.0,67.0,57.0
2017-08-31 11:00:00,0.0595,5.0,2.0,67.0,57.0
2017-08-31 12:00:00,0.04730000000000001,5.0,2.0,67.0,57.0
2017-08-31 13:00:00,0.03939999999999999,5.0,2.0,67.0,57.0
2017-08-31 14:00:00,0.026699999999999946,5.0,2.0,67.0,57.0
2017-08-31 15:00:00,-0.0015999999999999348,5.0,2.0,67.0,57.0
2017-08-31 16:00:00,0.010399999999999965,5.0,2.0,67.0,57.0
2017-08-31 17:00:00,0.0131,5.0,2.0,67.0,57.0
2017-08-31 18:00:00,0.00880000000000003,5.0,2.0,67.0,57.0
2017-08-31 19:00:00,0.00019999999999997797,5.0,2.0,67.0,57.0
2017-08-31 20:00:00,-0.0012999999999999678,5.0,2.0,67.0,57.0
2017-08-31 21:00:00,-0.0029000000000000137,5.0,2.0,67.0,57.0
2017-08-31 22:00:00,-0.018000000000000016,5.0,2.0,67.0,57.0
2017-08-31 23:00:00,-0.02410000000000001,5.0,2.0,67.0,57.0
2017-09-01 00:00:00,-0.025999999999999912,6.0,6.0,-18.0,133.0
2017-09-01 01:00:00,-0.027100000000000013,6.0,6.0,-18.0,133.0
2017-09-01 02:00:00,-0.04070000000000007,6.0,6.0,-18.0,133.0
2017-09-01 03:00:00,-0.023299999999999987,6.0,6.0,-18.0,133.0
2017-09-01 04:00:00,-0.034500000000000086,6.0,6.0,-18.0,133.0
2017-09-01 05:00:00,-0.020100000000000007,6.0,6.0,-18.0,133.0
2017-09-01 06:00:00,-0.011700000000000044,6.0,6.0,-18.0,133.0
2017-09-01 07:00:00,-0.01100000000000001,6.0,6.0,-18.0,133.0
2017-09-01 08:00:00,-0.0004999999999999449,6.0,6.0,-18.0,133.0
2017-09-01 09:00:00,-0.007399999999999962,6.0,6.0,-18.0,133.0
2017-09-01 10:00:00,-0.02510000000000001,6.0,6.0,-18.0,133.0
2017-09-01 11:00:00,-0.028900000000000037,6.0,6.0,-18.0,133.0
2017-09-01 12:00:00,-0.03810000000000002,6.0,6.0,-18.0,133.0
2017-09-01 13:00:00,-0.04700000000000004,6.0,6.0,-18.0,133.0
2017-09-01 14:00:00,-0.05169999999999997,6.0,6.0,-18.0,133.0
2017-09-01 15:00:00,-0.03500000000000003,6.0,6.0,-18.0,133.0
2017-09-01 16:00:00,-0.04289999999999994,6.0,6.0,-18.0,133.0
2017-09-01 17:00:00,-0.04249999999999998,6.0,6.0,-18.0,133.0
2017-09-01 18:00:00,-0.037900000000000045,6.0,6.0,-18.0,133.0
2017-09-01 19:00:00,-0.03300000000000003,6.0,6.0,-18.0,133.0
2017-09-01 20:00:00,-0.04349999999999998,6.0,6.0,-18.0,133.0
2017-09-01 21:00:00,-0.06779999999999997,6.0,6.0,-18.0,133.0
2017-09-01 22:00:00,-0.04749999999999999,6.0,6.0,-18.0,133.0
2017-09-01 23:00:00,-0.03709999999999991,6.0,6.0,-18.0,133.0
2017-09-02 00:00:00,-0.05009999999999992,9.0,1.0,-43.0,-146.0
2017-09-02 01:00:00,-0.08879999999999999,9.0,1.0,-43.0,-146.0
2017-09-02 02:00:00,-0.11029999999999995,9.0,1.0,-43.0,-146.0
2017-09-02 03:00:00,-0.12260000000000004,9.0,1.0,-43.0,-146.0
2017-09-02 04:00:00,-0.11419999999999997,9.0,1.0,-43.0,-146.0
2017-09-02 05:00:00,-0.12490000000000001,9.0,1.0,-43.0,-146.0
2017-09-02 06:00:00,-0.125,9.0,1.0,-43.0,-146.0
2017-09-02 07:00:00,-0.11399999999999999,9.0,1.0,-43.0,-146.0
2017-09-02 08:00:00,-0.13070000000000004,9.0,1.0,-43.0,-146.0
2017-09-02 09:00:00,-0.14060000000000006,9.0,1.0,-43.0,-146.0
2017-09-02 10:00:00,-0.12880000000000003,9.0,1.0,-43.0,-146.0
2017-09-02 11:00:00,-0.13229999999999997,9.0,1.0,-43.0,-146.0
2017-09-02 12:00:00,-0.13180000000000003,9.0,1.0,-43.0,-146.0
2017-09-02 13:00:00,-0.1359999999999999,9.0,1.0,-43.0,-146.0
2017-09-02 14:00:00,-0.11980000000000002,9.0,1.0,-43.0,-146.0
2017-09-02 15:00:00,-0.1412,9.0,1.0,-43.0,-146.0
2017-09-02 16:00:00,-0.14300000000000002,9.0,1.0,-43.0,-146.0
2017-09-02 17:00:00,-0.14639999999999997,9.0,1.0,-43.0,-146.0
2017-09-02 18:00:00,-0.14379999999999993,9.0,1.0,-43.0,-146.0
2017-09-02 19:00:00,-0.14700000000000002,9.0,1.0,-43.0,-146.0
2017-09-02 20:00:00,-0.14650000000000007,9.0,1.0,-43.0,-146.0
2017-09-02 21:00:00,-0.1262000000000001,9.0,1.0,-43.0,-146.0
2017-09-02 22:00:00,-0.11950000000000005,9.0,1.0,-43.0,-146.0
2017-09-02 23:00:00,-0.11170000000000002,9.0,1.0,-43.0,-146.0
2017-09-03 00:00:00,-0.08010000000000006,-10.0,-9.0,6.0,-231.0
2017-09-03 01:00:00,-0.02400000000000002,-10.0,-9.0,6.0,-231.0
2017-09-03 02:00:00,-0.006900000000000017,-10.0,-9.0,6.0,-231.0
2017-09-03 03:00:00,-0.01539999999999997,-10.0,-9.0,6.0,-231.0
2017-09-03 04:00:00,0.011800000000000033,-10.0,-9.0,6.0,-231.0
2017-09-03 05:00:00,0.018399999999999972,-10.0,-9.0,6.0,-231.0
2017-09-03 06:00:00,0.02200000000000002,-10.0,-9.0,6.0,-231.0
2017-09-03 07:00:00,0.011699999999999933,-10.0,-9.0,6.0,-231.0
2017-09-03 08:00:00,0.021600000000000064,-10.0,-9.0,6.0,-231.0
2017-09-03 09:00:00,0.03310000000000002,-10.0,-9.0,6.0,-231.0
2017-09-03 10:00:00,0.007099999999999995,-10.0,-9.0,6.0,-231.0
2017-09-03 11:00:00,-0.008199999999999985,-10.0,-9.0,6.0,-231.0
2017-09-03 12:00:00,0.0018000000000000238,-10.0,-9.0,6.0,-231.0
2017-09-03 13:00:00,0.010599999999999943,-10.0,-9.0,6.0,-231.0
2017-09-03 14:00:00,-0.021399999999999975,-10.0,-9.0,6.0,-231.0
2017-09-03 15:00:00,-0.0016999999999999238,-10.0,-9.0,6.0,-231.0
2017-09-03 16:00:00,0.022499999999999964,-10.0,-9.0,6.0,-231.0
2017-09-03 17:00:00,0.04690000000000005,-10.0,-9.0,6.0,-231.0
2017-09-03 18:00:00,0.06280000000000008,-10.0,-9.0,6.0,-231.0
2017-09-03 19:00:00,0.06000000000000005,-10.0,-9.0,6.0,-231.0
2017-09-03 20:00:00,0.06630000000000003,-10.0,-9.0,6.0,-231.0
2017-09-03 21:00:00,0.07580000000000009,-10.0,-9.0,6.0,-231.0
2017-09-03 22:00:00,0.06170000000000009,-10.0,-9.0,6.0,-231.0
2017-09-03 23:00:00,0.057599999999999985,-10.0,-9.0,6.0,-231.0
2017-09-04 00:00:00,0.024399999999999977,27.0,10.0,-22.0,452.0
2017-09-04 01:00:00,-0.006900000000000017,27.0,10.0,-22.0,452.0
2017-09-04 02:00:00,-0.00880000000000003,27.0,10.0,-22.0,452.0
2017-09-04 03:00:00,-0.00990000000000002,27.0,10.0,-22.0,452.0
2017-09-04 04:00:00,-0.03300000000000003,27.0,10.0,-22.0,452.0
2017-09-04 05:00:00,-0.043399999999999994,27.0,10.0,-22.0,452.0
2017-09-04 06:00:00,-0.055300000000000016,27.0,10.0,-22.0,452.0
2017-09-04 07:00:00,-0.0603999999999999,27.0,10.0,-22.0,452.0
2017-09-04 08:00:00,-0.08210000000000006,27.0,10.0,-22.0,452.0
2017-09-04 09:00:00,-0.09819999999999995,27.0,10.0,-22.0,452.0
2017-09-04 10:00:00,-0.09329999999999994,27.0,10.0,-22.0,452.0
2017-09-04 11:00:00,-0.10660000000000003,27.0,10.0,-22.0,452.0
2017-09-04 12:00:00,-0.17999999999999994,27.0,10.0,-22.0,452.0
2017-09-04 13:00:00,-0.13150000000000006,27.0,10.0,-22.0,452.0
2017-09-04 14:00:00,-0.09860000000000002,27.0,10.0,-22.0,452.0
2017-09-04 15:00:00,-0.1110000000000001,27.0,10.0,-22.0,452.0
2017-09-04 16:00:00,-0.14549999999999996,27.0,10.0,-22.0,452.0
2017-09-04 17:00:00,-0.1605000000000001,27.0,10.0,-22.0,452.0
2017-09-04 18:00:00,-0.10180000000000011,27.0,10.0,-22.0,452.0
2017-09-04 19:00:00,-0.06399999999999995,27.0,10.0,-22.0,452.0
2017-09-04 20:00:00,-0.08239999999999992,27.0,10.0,-22.0,452.0
2017-09-04 21:00:00,-0.0807,27.0,10.0,-22.0,452.0
2017-09-04 22:00:00,-0.11870000000000003,27.0,10.0,-22.0,452.0
2017-09-04 23:00:00,-0.15839999999999999,27.0,10.0,-22.0,452.0
2017-09-05 00:00:00,-0.17620000000000002,-6.0,5.0,31.0,-240.0
2017-09-05 01:00:00,-0.19669999999999999,-6.0,5.0,31.0,-240.0
2017-09-05 02:00:00,-0.1775,-6.0,5.0,31.0,-240.0
2017-09-05 03:00:00,-0.20209999999999995,-6.0,5.0,31.0,-240.0
2017-09-05 04:00:00,-0.18979999999999997,-6.0,5.0,31.0,-240.0
2017-09-05 05:00:00,-0.19200000000000006,-6.0,5.0,31.0,-240.0
2017-09-05 06:00:00,-0.17279999999999995,-6.0,5.0,31.0,-240.0
2017-09-05 07:00:00,-0.09530000000000005,-6.0,5.0,31.0,-240.0
2017-09-05 08:00:00,-0.07679999999999998,-6.0,5.0,31.0,-240.0
2017-09-05 09:00:00,-0.0999000000000001,-6.0,5.0,31.0,-240.0
2017-09-05 10:00:00,-0.06500000000000006,-6.0,5.0,31.0,-240.0
2017-09-05 11:00:00,-0.04390000000000005,-6.0,5.0,31.0,-240.0
2017-09-05 12:00:00,0.040999999999999925,-6.0,5.0,31.0,-240.0
2017-09-05 13:00:00,0.0039000000000001256,-6.0,5.0,31.0,-240.0
2017-09-05 14:00:00,0.0049000000000000155,-6.0,5.0,31.0,-240.0
2017-09-05 15:00:00,0.0050000000000000044,-6.0,5.0,31.0,-240.0
2017-09-05 16:00:00,0.03399999999999992,-6.0,5.0,31.0,-240.0
2017-09-05 17:00:00,0.06599999999999995,-6.0,5.0,31.0,-240.0
2017-09-05 18:00:00,0.0027000000000000357,-6.0,5.0,31.0,-240.0
2017-09-05 19:00:00,-0.03170000000000006,-6.0,5.0,31.0,-240.0
2017-09-05 20:00:00,-0.02090000000000003,-6.0,5.0,31.0,-240.0
2017-09-05 21:00:00,-0.029400000000000093,-6.0,5.0,31.0,-240.0
2017-09-05 22:00:00,-9.999999999998899e-05,-6.0,5.0,31.0,-240.0
2017-09-05 23:00:00,0.0494,-6.0,5.0,31.0,-240.0
2017-09-06 00:00:00,0.062000000000000055,-21.0,-9.0,2.0,-96.0
2017-09-06 01:00:00,0.10860000000000003,-21.0,-9.0,2.0,-96.0
2017-09-06 02:00:00,0.09450000000000003,-21.0,-9.0,2.0,-96.0
2017-09-06 03:00:00,0.10929999999999995,-21.0,-9.0,2.0,-96.0
2017-09-06 04:00:00,0.09089999999999998,-21.0,-9.0,2.0,-96.0
2017-09-06 05:00:00,0.08450000000000013,-21.0,-9.0,2.0,-96.0
2017-09-06 06:00:00,0.0673999999999999,-21.0,-9.0,2.0,-96.0
2017-09-06 07:00:00,0.01419999999999999,-21.0,-9.0,2.0,-96.0
2017-09-06 08:00:00,0.03300000000000003,-21.0,-9.0,2.0,-96.0
2017-09-06 09:00:00,0.08560000000000001,-21.0,-9.0,2.0,-96.0
2017-09-06 10:00:00,0.0685,-21.0,-9.0,2.0,-96.0
2017-09-06 11:00:00,0.10100000000000009,-21.0,-9.0,2.0,-96.0
2017-09-06 12:00:00,0.09899999999999998,-21.0,-9.0,2.0,-96.0
2017-09-06 13:00:00,0.08799999999999997,-21.0,-9.0,2.0,-96.0
2017-09-06 14:00:00,0.08020000000000005,-21.0,-9.0,2.0,-96.0
2017-09-06 15:00:00,0.08610000000000007,-21.0,-9.0,2.0,-96.0
2017-09-06 16:00:00,0.08720000000000006,-21.0,-9.0,2.0,-96.0
2017-09-06 17:00:00,0.08400000000000007,-21.0,-9.0,2.0,-96.0
2017-09-06 18:00:00,0.08739999999999992,-21.0,-9.0,2.0,-96.0
2017-09-06 19:00:00,0.09760000000000002,-21.0,-9.0,2.0,-96.0
2017-09-06 20:00:00,0.10980000000000001,-21.0,-9.0,2.0,-96.0
2017-09-06 21:00:00,0.09200000000000008,-21.0,-9.0,2.0,-96.0
2017-09-06 22:00:00,0.1179,-21.0,-9.0,2.0,-96.0
2017-09-06 23:00:00,0.10150000000000003,-21.0,-9.0,2.0,-96.0
2017-09-07 00:00:00,0.10999999999999999,2.0,-7.0,-11.0,3.0
2017-09-07 01:00:00,0.06789999999999996,2.0,-7.0,-11.0,3.0
2017-09-07 02:00:00,0.06569999999999998,2.0,-7.0,-11.0,3.0
2017-09-07 03:00:00,0.09020000000000006,2.0,-7.0,-11.0,3.0
2017-09-07 04:00:00,0.08210000000000006,2.0,-7.0,-11.0,3.0
2017-09-07 05:00:00,0.09919999999999995,2.0,-7.0,-11.0,3.0
2017-09-07 06:00:00,0.10170000000000001,2.0,-7.0,-11.0,3.0
2017-09-07 07:00:00,0.07850000000000001,2.0,-7.0,-11.0,3.0
2017-09-07 08:00:00,0.05599999999999994,2.0,-7.0,-11.0,3.0
2017-09-07 09:00:00,0.06670000000000009,2.0,-7.0,-11.0,3.0
2017-09-07 10:00:00,0.0615,2.0,-7.0,-11.0,3.0
2017-09-07 11:00:00,0.03200000000000003,2.0,-7.0,-11.0,3.0
2017-09-07 12:00:00,0.025000000000000022,2.0,-7.0,-11.0,3.0
2017-09-07 13:00:00,0.029999999999999916,2.0,-7.0,-11.0,3.0
2017-09-07 14:00:00,0.028699999999999948,2.0,-7.0,-11.0,3.0
2017-09-07 15:00:00,0.025499999999999967,2.0,-7.0,-11.0,3.0
2017-09-07 16:00:00,-0.00019999999999997797,2.0,-7.0,-11.0,3.0
2017-09-07 17:00:00,-0.039000000000000035,2.0,-7.0,-11.0,3.0
2017-09-07 18:00:00,-0.06029999999999991,2.0,-7.0,-11.0,3.0
2017-09-07 19:00:00,-0.08489999999999998,2.0,-7.0,-11.0,3.0
2017-09-07 20:00:00,-0.08460000000000001,2.0,-7.0,-11.0,3.0
2017-09-07 21:00:00,-0.0817,2.0,-7.0,-11.0,3.0
2017-09-07 22:00:00,-0.10020000000000007,2.0,-7.0,-11.0,3.0
2017-09-07 23:00:00,-0.09850000000000003,2.0,-7.0,-11.0,3.0
2017-09-08 00:00:00,-0.09199999999999997,13.0,4.0,-19.0,-38.0
2017-09-08 01:00:00,-0.07279999999999998,13.0,4.0,-19.0,-38.0
2017-09-08 02:00:00,-0.0837,13.0,4.0,-19.0,-38.0
2017-09-08 03:00:00,-0.10770000000000002,13.0,4.0,-19.0,-38.0
2017-09-08 04:00:00,-0.052000000000000046,13.0,4.0,-19.0,-38.0
2017-09-08 05:00:00,-0.06370000000000009,13.0,4.0,-19.0,-38.0
2017-09-08 06:00:00,-0.08599999999999997,13.0,4.0,-19.0,-38.0
2017-09-08 07:00:00,-0.07450000000000001,13.0,4.0,-19.0,-38.0
2017-09-08 08:00:00,-0.04609999999999992,13.0,4.0,-19.0,-38.0
2017-09-08 09:00:00,-0.0665,13.0,4.0,-19.0,-38.0
2017-09-08 10:00:00,-0.07419999999999993,13.0,4.0,-19.0,-38.0
2017-09-08 11:00:00,-0.062100000000000044,13.0,4.0,-19.0,-38.0
2017-09-08 12:00:00,-0.08499999999999996,13.0,4.0,-19.0,-38.0
2017-09-08 13:00:00,-0.08660000000000001,13.0,4.0,-19.0,-38.0
2017-09-08 14:00:00,-0.15879999999999994,13.0,4.0,-19.0,-38.0
2017-09-08 15:00:00,-0.12750000000000006,13.0,4.0,-19.0,-38.0
2017-09-08 16:00:00,-0.12230000000000008,13.0,4.0,-19.0,-38.0
2017-09-08 17:00:00,-0.15079999999999993,13.0,4.0,-19.0,-38.0
2017-09-08 18:00:00,-0.1391,13.0,4.0,-19.0,-38.0
2017-09-08 19:00:00,-0.1341,13.0,4.0,-19.0,-38.0
2017-09-08 20:00:00,-0.12929999999999997,13.0,4.0,-19.0,-38.0
2017-09-08 21:00:00,-0.1109,13.0,4.0,-19.0,-38.0
2017-09-08 22:00:00,-0.09199999999999997,13.0,4.0,-19.0,-38.0
2017-09-08 23:00:00,-0.08599999999999997,13.0,4.0,-19.0,-38.0
2017-09-09 00:00:00,-0.1089,-23.0,-6.0,5.0,-250.0
2017-09-09 01:00:00,-0.10560000000000003,-23.0,-6.0,5.0,-250.0
2017-09-09 02:00:00,-0.09089999999999998,-23.0,-6.0,5.0,-250.0
2017-09-09 03:00:00,-0.05700000000000005,-23.0,-6.0,5.0,-250.0
2017-09-09 04:00:00,-0.10980000000000001,-23.0,-6.0,5.0,-250.0
2017-09-09 05:00:00,-0.09299999999999997,-23.0,-6.0,5.0,-250.0
2017-09-09 06:00:00,-0.04800000000000004,-23.0,-6.0,5.0,-250.0
2017-09-09 07:00:00,-0.05459999999999998,-23.0,-6.0,5.0,-250.0
2017-09-09 08:00:00,-0.08379999999999999,-23.0,-6.0,5.0,-250.0
2017-09-09 09:00:00,-0.08590000000000009,-23.0,-6.0,5.0,-250.0
2017-09-09 10:00:00,-0.06710000000000005,-23.0,-6.0,5.0,-250.0
2017-09-09 11:00:00,-0.07210000000000005,-23.0,-6.0,5.0,-250.0
2017-09-09 12:00:00,-0.050000000000000044,-23.0,-6.0,5.0,-250.0
2017-09-09 13:00:00,-0.04709999999999992,-23.0,-6.0,5.0,-250.0
2017-09-09 14:00:00,0.01629999999999998,-23.0,-6.0,5.0,-250.0
2017-09-09 15:00:00,-0.015599999999999947,-23.0,-6.0,5.0,-250.0
2017-09-09 16:00:00,-0.01849999999999996,-23.0,-6.0,5.0,-250.0
2017-09-09 17:00:00,0.010800000000000032,-23.0,-6.0,5.0,-250.0
2017-09-09 18:00:00,0.0020999999999999908,-23.0,-6.0,5.0,-250.0
2017-09-09 19:00:00,0.02410000000000001,-23.0,-6.0,5.0,-250.0
2017-09-09 20:00:00,0.012199999999999989,-23.0,-6.0,5.0,-250.0
2017-09-09 21:00:00,0.008000000000000007,-23.0,-6.0,5.0,-250.0
2017-09-09 22:00:00,0.005900000000000016,-23.0,-6.0,5.0,-250.0
2017-09-09 23:00:00,0.005799999999999916,-23.0,-6.0,5.0,-250.0
2017-09-10 00:00:00,0.02429999999999999,13.0,-2.0,13.0,214.0
2017-09-10 01:00:00,0.034499999999999975,13.0,-2.0,13.0,214.0
2017-09-10 02:00:00,0.01529999999999998,13.0,-2.0,13.0,214.0
2017-09-10 03:00:00,0.0029000000000000137,13.0,-2.0,13.0,214.0
2017-09-10 04:00:00,0.0037999999999999146,13.0,-2.0,13.0,214.0
2017-09-10 05:00:00,-0.04499999999999993,13.0,-2.0,13.0,214.0
2017-09-10 06:00:00,-0.06519999999999992,13.0,-2.0,13.0,214.0
2017-09-10 07:00:00,-0.08289999999999997,13.0,-2.0,13.0,214.0
2017-09-10 08:00:00,-0.05610000000000004,13.0,-2.0,13.0,214.0
2017-09-10 09:00:00,-0.07089999999999996,13.0,-2.0,13.0,214.0
2017-09-10 10:00:00,-0.0937,13.0,-2.0,13.0,214.0
2017-09-10 11:00:00,-0.09309999999999996,13.0,-2.0,13.0,214.0
2017-09-10 12:00:00,-0.09149999999999997,13.0,-2.0,13.0,214.0
2017-09-10 13:00:00,-0.0726,13.0,-2.0,13.0,214.0
2017-09-10 14:00:00,-0.056400000000000006,13.0,-2.0,13.0,214.0
2017-09-10 15:00:00,-0.05030000000000001,13.0,-2.0,13.0,214.0
2017-09-10 16:00:00,-0.03820000000000001,13.0,-2.0,13.0,214.0
2017-09-10 17:00:00,-0.01200000000000001,13.0,-2.0,13.0,214.0
2017-09-10 18:00:00,0.0005999999999999339,13.0,-2.0,13.0,214.0
2017-09-10 19:00:00,-0.020100000000000007,13.0,-2.0,13.0,214.0
2017-09-10 20:00:00,-0.02410000000000001,13.0,-2.0,13.0,214.0
2017-09-10 21:00:00,-0.035600000000000076,13.0,-2.0,13.0,214.0
2017-09-10 22:00:00,-0.056499999999999995,13.0,-2.0,13.0,214.0
2017-09-10 23:00:00,-0.05899999999999994,13.0,-2.0,13.0,214.0
2017-09-11 00:00:00,-0.05800000000000005,-10.0,5.0,-6.0,-234.0
2017-09-11 01:00:00,-0.041099999999999914,-10.0,5.0,-6.0,-234.0
2017-09-11 02:00:00,-0.023399999999999976,-10.0,5.0,-6.0,-234.0
2017-09-11 03:00:00,-0.027799999999999936,-10.0,5.0,-6.0,-234.0
2017-09-11 04:00:00,-0.025999999999999912,-10.0,5.0,-6.0,-234.0
2017-09-11 05:00:00,-0.010500000000000065,-10.0,5.0,-6.0,-234.0
2017-09-11 06:00:00,-0.010400000000000076,-10.0,5.0,-6.0,-234.0
2017-09-11 07:00:00,0.006399999999999961,-10.0,5.0,-6.0,-234.0
2017-09-11 08:00:00,-0.013299999999999979,-10.0,5.0,-6.0,-234.0
2017-09-11 09:00:00,0.0030000000000000027,-10.0,5.0,-6.0,-234.0
2017-09-11 10:00:00,0.029200000000000004,-10.0,5.0,-6.0,-234.0
2017-09-11 11:00:00,0.027899999999999925,-10.0,5.0,-6.0,-234.0
2017-09-11 12:00:00,0.014300000000000035,-10.0,5.0,-6.0,-234.0
2017-09-11 13:00:00,0.01969999999999994,-10.0,5.0,-6.0,-234.0
2017-09-11 14:00:00,0.009800000000000031,-10.0,5.0,-6.0,-234.0
2017-09-11 15:00:00,0.013800000000000034,-10.0,5.0,-6.0,-234.0
2017-09-11 16:00:00,0.0019000000000000128,-10.0,5.0,-6.0,-234.0
2017-09-11 17:00:00,-0.02750000000000008,-10.0,5.0,-6.0,-234.0
2017-09-11 18:00:00,-0.025599999999999956,-10.0,5.0,-6.0,-234.0
2017-09-11 19:00:00,-0.019100000000000006,-10.0,5.0,-6.0,-234.0
2017-09-11 20:00:00,-0.009199999999999986,-10.0,5.0,-6.0,-234.0
2017-09-11 21:00:00,0.0026000000000000467,-10.0,5.0,-6.0,-234.0
2017-09-11 22:00:00,0.014499999999999957,-10.0,5.0,-6.0,-234.0
2017-09-11 23:00:00,0.06019999999999992,-10.0,5.0,-6.0,-234.0
2017-09-12 00:00:00,0.13559999999999994,0.0,-2.0,-5.0,104.0
2017-09-12 01:00:00,0.10409999999999997,0.0,-2.0,-5.0,104.0
2017-09-12 02:00:00,0.10029999999999994,0.0,-2.0,-5.0,104.0
2017-09-12 03:00:00,0.10299999999999998,0.0,-2.0,-5.0,104.0
2017-09-12 04:00:00,0.12149999999999994,0.0,-2.0,-5.0,104.0
2017-09-12 05:00:00,0.129,0.0,-2.0,-5.0,104.0
2017-09-12 06:00:00,0.11720000000000008,0.0,-2.0,-5.0,104.0
2017-09-12 07:00:00,0.1179,0.0,-2.0,-5.0,104.0
2017-09-12 08:00:00,0.12129999999999996,0.0,-2.0,-5.0,104.0
2017-09-12 09:00:00,0.09899999999999998,0.0,-2.0,-5.0,104.0
2017-09-12 10:00:00,0.1038,0.0,-2.0,-5.0,104.0
2017-09-12 11:00:00,0.1221000000000001,0.0,-2.0,-5.0,104.0
2017-09-12 12:00:00,0.12619999999999998,0.0,-2.0,-5.0,104.0
2017-09-12 13:00:00,0.09150000000000003,0.0,-2.0,-5.0,104.0
2017-09-12 14:00:00,0.09639999999999993,0.0,-2.0,-5.0,104.0
2017-09-12 15:00:00,0.08440000000000003,0.0,-2.0,-5.0,104.0
2017-09-12 16:00:00,0.08509999999999995,0.0,-2.0,-5.0,104.0
2017-09-12 17:00:00,0.09140000000000004,0.0,-2.0,-5.0,104.0
2017-09-12 18:00:00,0.08399999999999996,0.0,-2.0,-5.0,104.0
2017-09-12 19:00:00,0.07919999999999994,0.0,-2.0,-5.0,104.0
2017-09-12 20:00:00,0.07240000000000002,0.0,-2.0,-5.0,104.0
2017-09-12 21:00:00,0.08340000000000003,0.0,-2.0,-5.0,104.0
2017-09-12 22:00:00,0.07350000000000001,0.0,-2.0,-5.0,104.0
2017-09-12 23:00:00,0.02410000000000001,0.0,-2.0,-5.0,104.0
2017-09-13 00:00:00,-0.043099999999999916,46.0,18.0,40.0,111.0
2017-09-13 01:00:00,-0.054300000000000015,46.0,18.0,40.0,111.0
2017-09-13 02:00:00,-0.07230000000000003,46.0,18.0,40.0,111.0
2017-09-13 03:00:00,-0.09789999999999999,46.0,18.0,40.0,111.0
2017-09-13 04:00:00,-0.11699999999999999,46.0,18.0,40.0,111.0
2017-09-13 05:00:00,-0.10359999999999991,46.0,18.0,40.0,111.0
2017-09-13 06:00:00,-0.08460000000000001,46.0,18.0,40.0,111.0
2017-09-13 07:00:00,-0.0867,46.0,18.0,40.0,111.0
2017-09-13 08:00:00,-0.10099999999999998,46.0,18.0,40.0,111.0
2017-09-13 09:00:00,-0.0786,46.0,18.0,40.0,111.0
2017-09-13 10:00:00,-0.10250000000000004,46.0,18.0,40.0,111.0
2017-09-13 11:00:00,-0.1311,46.0,18.0,40.0,111.0
2017-09-13 12:00:00,-0.125,46.0,18.0,40.0,111.0
2017-09-13 13:00:00,-0.1059,46.0,18.0,40.0,111.0
2017-09-13 14:00:00,-0.10860000000000003,46.0,18.0,40.0,111.0
2017-09-13 15:00:00,-0.08890000000000009,46.0,18.0,40.0,111.0
2017-09-13 16:00:00,-0.05600000000000005,46.0,18.0,40.0,111.0
2017-09-13 17:00:00,-0.0474,46.0,18.0,40.0,111.0
2017-09-13 18:00:00,-0.04899999999999993,46.0,18.0,40.0,111.0
2017-09-13 19:00:00,-0.04599999999999993,46.0,18.0,40.0,111.0
2017-09-13 20:00:00,-0.016200000000000103,46.0,18.0,40.0,111.0
2017-09-13 21:00:00,-0.020299999999999985,46.0,18.0,40.0,111.0
2017-09-13 22:00:00,-0.008499999999999952,46.0,18.0,40.0,111.0
2017-09-13 23:00:00,-0.008399999999999963,46.0,18.0,40.0,111.0
2017-09-14 00:00:00,-0.027900000000000036,-1.0,19.0,-46.0,-4.0
2017-09-14 01:00:00,-0.01649999999999996,-1.0,19.0,-46.0,-4.0
2017-09-14 02:00:00,0.002000000000000113,-1.0,19.0,-46.0,-4.0
2017-09-14 03:00:00,0.014499999999999957,-1.0,19.0,-46.0,-4.0
2017-09-14 04:00:00,0.014500000000000068,-1.0,19.0,-46.0,-4.0
2017-09-14 05:00:00,0.02059999999999995,-1.0,19.0,-46.0,-4.0
2017-09-14 06:00:00,0.013899999999999912,-1.0,19.0,-46.0,-4.0
2017-09-14 07:00:00,0.03770000000000007,-1.0,19.0,-46.0,-4.0
2017-09-14 08:00:00,0.050799999999999956,-1.0,19.0,-46.0,-4.0
2017-09-14 09:00:00,0.03520000000000001,-1.0,19.0,-46.0,-4.0
2017-09-14 10:00:00,0.03249999999999997,-1.0,19.0,-46.0,-4.0
2017-09-14 11:00:00,0.0381999999999999,-1.0,19.0,-46.0,-4.0
2017-09-14 12:00:00,0.006700000000000039,-1.0,19.0,-46.0,-4.0
2017-09-14 13:00:00,-0.010099999999999998,-1.0,19.0,-46.0,-4.0
2017-09-14 14:00:00,-0.008599999999999941,-1.0,19.0,-46.0,-4.0
2017-09-14 15:00:00,-0.025699999999999945,-1.0,19.0,-46.0,-4.0
2017-09-14 16:00:00,-0.05969999999999992,-1.0,19.0,-46.0,-4.0
2017-09-14 17:00:00,-0.07949999999999996,-1.0,19.0,-46.0,-4.0
2017-09-14 18:00:00,-0.06250000000000006,-1.0,19.0,-46.0,-4.0
2017-09-14 19:00:00,-0.05400000000000005,-1.0,19.0,-46.0,-4.0
2017-09-14 20:00:00,-0.09119999999999995,-1.0,19.0,-46.0,-4.0
2017-09-14 21:00:00,-0.10390000000000005,-1.0,19.0,-46.0,-4.0
2017-09-14 22:00:00,-0.11170000000000002,-1.0,19.0,-46.0,-4.0
2017-09-14 23:00:00,-0.1149,-1.0,19.0,-46.0,-4.0
2017-09-15 00:00:00,-0.10199999999999998,8.0,14.0,7.0,206.0
2017-09-15 01:00:00,-0.07980000000000004,8.0,14.0,7.0,206.0
2017-09-15 02:00:00,-0.07780000000000004,8.0,14.0,7.0,206.0
2017-09-15 03:00:00,-0.07249999999999995,8.0,14.0,7.0,206.0
2017-09-15 04:00:00,-0.07340000000000002,8.0,14.0,7.0,206.0
2017-09-15 05:00:00,-0.08949999999999997,8.0,14.0,7.0,206.0
2017-09-15 06:00:00,-0.08489999999999998,8.0,14.0,7.0,206.0
2017-09-15 07:00:00,-0.14300000000000007,8.0,14.0,7.0,206.0
2017-09-15 08:00:00,-0.1473,8.0,14.0,7.0,206.0
2017-09-15 09:00:00,-0.1377,8.0,14.0,7.0,206.0
2017-09-15 10:00:00,-0.14609999999999995,8.0,14.0,7.0,206.0
2017-09-15 11:00:00,-0.15209999999999996,8.0,14.0,7.0,206.0
2017-09-15 12:00:00,-0.053700000000000025,8.0,14.0,7.0,206.0
2017-09-15 13:00:00,-0.0489,8.0,14.0,7.0,206.0
2017-09-15 14:00:00,0.0010999999999999899,8.0,14.0,7.0,206.0
2017-09-15 15:00:00,0.0020000000000000018,8.0,14.0,7.0,206.0
2017-09-15 16:00:00,0.003699999999999981,8.0,14.0,7.0,206.0
2017-09-15 17:00:00,0.003999999999999948,8.0,14.0,7.0,206.0
2017-09-15 18:00:00,-0.0006999999999999784,8.0,14.0,7.0,206.0
2017-09-15 19:00:00,0.006400000000000017,8.0,14.0,7.0,206.0
2017-09-15 20:00:00,0.017199999999999993,8.0,14.0,7.0,206.0
2017-09-15 21:00:00,0.039600000000000024,8.0,14.0,7.0,206.0
2017-09-15 22:00:00,0.029900000000000038,8.0,14.0,7.0,206.0
2017-09-15 23:00:00,0.019699999999999995,8.0,14.0,7.0,206.0
2017-09-16 00:00:00,0.017500000000000016,-44.0,-33.0,10.0,-574.0
2017-09-16 01:00:00,0.023400000000000032,-44.0,-33.0,10.0,-574.0
2017-09-16 02:00:00,0.027700000000000002,-44.0,-33.0,10.0,-574.0
2017-09-16 03:00:00,0.0237,-44.0,-33.0,10.0,-574.0
2017-09-16 04:00:00,0.021399999999999975,-44.0,-33.0,10.0,-574.0
2017-09-16 05:00:00,0.04680000000000001,-44.0,-33.0,10.0,-574.0
2017-09-16 06:00:00,0.030000000000000027,-44.0,-33.0,10.0,-574.0
2017-09-16 07:00:00,0.07600000000000001,-44.0,-33.0,10.0,-574.0
2017-09-16 08:00:00,0.07999999999999996,-44.0,-33.0,10.0,-574.0
2017-09-16 09:00:00,0.08190000000000003,-44.0,-33.0,10.0,-574.0
2017-09-16 10:00:00,0.08000000000000002,-44.0,-33.0,10.0,-574.0
2017-09-16 11:00:00,0.0953,-44.0,-33.0,10.0,-574.0
2017-09-16 12:00:00,0.02400000000000002,-44.0,-33.0,10.0,-574.0
2017-09-16 13:00:00,0.024999999999999967,-44.0,-33.0,10.0,-574.0
2017-09-16 14:00:00,-0.02739999999999998,-44.0,-33.0,10.0,-574.0
2017-09-16 15:00:00,-0.02180000000000004,-44.0,-33.0,10.0,-574.0
2017-09-16 16:00:00,-0.018100000000000005,-44.0,-33.0,10.0,-574.0
2017-09-16 17:00:00,-0.0010999999999999899,-44.0,-33.0,10.0,-574.0
2017-09-16 18:00:00,0.007199999999999984,-44.0,-33.0,10.0,-574.0
2017-09-16 19:00:00,-0.0028000000000000247,-44.0,-33.0,10.0,-574.0
2017-09-16 20:00:00,-0.004599999999999993,-44.0,-33.0,10.0,-574.0
2017-09-16 21:00:00,-0.027700000000000058,-44.0,-33.0,10.0,-574.0
2017-09-16 22:00:00,-0.015700000000000047,-44.0,-33.0,10.0,-574.0
2017-09-16 23:00:00,0.0005000000000000004,-44.0,-33.0,10.0,-574.0
2017-09-17 00:00:00,0.0005000000000000004,-12.0,-13.0,-25.0,-26.0
2017-09-17 01:00:00,-0.02070000000000005,-12.0,-13.0,-25.0,-26.0
2017-09-17 02:00:00,-0.026900000000000035,-12.0,-13.0,-25.0,-26.0
2017-09-17 03:00:00,-0.016700000000000048,-12.0,-13.0,-25.0,-26.0
2017-09-17 04:00:00,-0.01050000000000001,-12.0,-13.0,-25.0,-26.0
2017-09-17 05:00:00,-0.03280000000000005,-12.0,-13.0,-25.0,-26.0
2017-09-17 06:00:00,-0.027200000000000002,-12.0,-13.0,-25.0,-26.0
2017-09-17 07:00:00,-0.03750000000000003,-12.0,-13.0,-25.0,-26.0
2017-09-17 08:00:00,-0.03159999999999996,-12.0,-13.0,-25.0,-26.0
2017-09-17 09:00:00,-0.02579999999999999,-12.0,-13.0,-25.0,-26.0
2017-09-17 10:00:00,-0.003500000000000003,-12.0,-13.0,-25.0,-26.0
2017-09-17 11:00:00,-0.007699999999999985,-12.0,-13.0,-25.0,-26.0
2017-09-17 12:00:00,-0.00880000000000003,-12.0,-13.0,-25.0,-26.0
2017-09-17 13:00:00,0.010000000000000009,-12.0,-13.0,-25.0,-26.0
2017-09-17 14:00:00,0.018299999999999983,-12.0,-13.0,-25.0,-26.0
2017-09-17 15:00:00,0.017800000000000038,-12.0,-13.0,-25.0,-26.0
2017-09-17 16:00:00,0.026100000000000012,-12.0,-13.0,-25.0,-26.0
2017-09-17 17:00:00,0.02410000000000001,-12.0,-13.0,-25.0,-26.0
2017-09-17 18:00:00,0.008199999999999985,-12.0,-13.0,-25.0,-26.0
2017-09-17 19:00:00,0.00830000000000003,-12.0,-13.0,-25.0,-26.0
2017-09-17 20:00:00,0.013400000000000023,-12.0,-13.0,-25.0,-26.0
2017-09-17 21:00:00,0.014000000000000012,-12.0,-13.0,-25.0,-26.0
2017-09-17 22:00:00,0.01200000000000001,-12.0,-13.0,-25.0,-26.0
2017-09-17 23:00:00,0.007400000000000018,-12.0,-13.0,-25.0,-26.0
2017-09-18 00:00:00,0.029000000000000026,-2.0,8.0,47.0,80.0
2017-09-18 01:00:00,0.061000000000000054,-2.0,8.0,47.0,80.0
2017-09-18 02:00:00,0.06779999999999997,-2.0,8.0,47.0,80.0
2017-09-18 03:00:00,0.062000000000000055,-2.0,8.0,47.0,80.0
2017-09-18 04:00:00,0.06449999999999995,-2.0,8.0,47.0,80.0
2017-09-18 05:00:00,0.08700000000000008,-2.0,8.0,47.0,80.0
2017-09-18 06:00:00,0.09719999999999995,-2.0,8.0,47.0,80.0
2017-09-18 07:00:00,0.10749999999999998,-2.0,8.0,47.0,80.0
2017-09-18 08:00:00,0.1109,-2.0,8.0,47.0,80.0
2017-09-18 09:00:00,0.14109999999999995,-2.0,8.0,47.0,80.0
2017-09-18 10:00:00,0.12600000000000006,-2.0,8.0,47.0,80.0
2017-09-18 11:00:00,0.12769999999999998,-2.0,8.0,47.0,80.0
2017-09-18 12:00:00,0.13740000000000002,-2.0,8.0,47.0,80.0
2017-09-18 13:00:00,0.12190000000000001,-2.0,8.0,47.0,80.0
2017-09-18 14:00:00,0.11270000000000002,-2.0,8.0,47.0,80.0
2017-09-18 15:00:00,0.09919999999999995,-2.0,8.0,47.0,80.0
2017-09-18 16:00:00,0.07899999999999996,-2.0,8.0,47.0,80.0
2017-09-18 17:00:00,0.08199999999999996,-2.0,8.0,47.0,80.0
2017-09-18 18:00:00,0.0928,-2.0,8.0,47.0,80.0
2017-09-18 19:00:00,0.09010000000000007,-2.0,8.0,47.0,80.0
2017-09-18 20:00:00,0.08899999999999997,-2.0,8.0,47.0,80.0
2017-09-18 21:00:00,0.11070000000000002,-2.0,8.0,47.0,80.0
2017-09-18 22:00:00,0.11450000000000005,-2.0,8.0,47.0,80.0
2017-09-18 23:00:00,0.11030000000000001,-2.0,8.0,47.0,80.0
2017-09-19 00:00:00,0.09950000000000003,2.0,-6.0,-50.0,-15.0
2017-09-19 01:00:00,0.0595,2.0,-6.0,-50.0,-15.0
2017-09-19 02:00:00,0.036800000000000055,2.0,-6.0,-50.0,-15.0
2017-09-19 03:00:00,0.038799999999999946,2.0,-6.0,-50.0,-15.0
2017-09-19 04:00:00,0.03700000000000003,2.0,-6.0,-50.0,-15.0
2017-09-19 05:00:00,0.012499999999999956,2.0,-6.0,-50.0,-15.0
2017-09-19 06:00:00,0.010000000000000009,2.0,-6.0,-50.0,-15.0
2017-09-19 07:00:00,0.0,2.0,-6.0,-50.0,-15.0
2017-09-19 08:00:00,-0.009199999999999986,2.0,-6.0,-50.0,-15.0
2017-09-19 09:00:00,-0.04310000000000003,2.0,-6.0,-50.0,-15.0
2017-09-19 10:00:00,-0.015000000000000013,2.0,-6.0,-50.0,-15.0
2017-09-19 11:00:00,-0.015199999999999991,2.0,-6.0,-50.0,-15.0
2017-09-19 12:00:00,-0.022599999999999953,2.0,-6.0,-50.0,-15.0
2017-09-19 13:00:00,-0.02290000000000003,2.0,-6.0,-50.0,-15.0
2017-09-19 14:00:00,-0.027200000000000002,2.0,-6.0,-50.0,-15.0
2017-09-19 15:00:00,-0.0041999999999999815,2.0,-6.0,-50.0,-15.0
2017-09-19 16:00:00,0.005300000000000082,2.0,-6.0,-50.0,-15.0
2017-09-19 17:00:00,0.0033000000000000806,2.0,-6.0,-50.0,-15.0
2017-09-19 18:00:00,-0.0121,2.0,-6.0,-50.0,-15.0
2017-09-19 19:00:00,-0.01210000000000011,2.0,-6.0,-50.0,-15.0
2017-09-19 20:00:00,-0.02400000000000002,2.0,-6.0,-50.0,-15.0
2017-09-19 21:00:00,-0.04090000000000005,2.0,-6.0,-50.0,-15.0
2017-09-19 22:00:00,-0.04849999999999999,2.0,-6.0,-50.0,-15.0
2017-09-19 23:00:00,-0.03410000000000002,2.0,-6.0,-50.0,-15.0
2017-09-20 00:00:00,-0.04860000000000009,-6.0,-8.0,0.0,-52.0
2017-09-20 01:00:00,-0.040100000000000025,-6.0,-8.0,0.0,-52.0
2017-09-20 02:00:00,-0.025399999999999978,-6.0,-8.0,0.0,-52.0
2017-09-20 03:00:00,-0.025900000000000034,-6.0,-8.0,0.0,-52.0
2017-09-20 04:00:00,-0.029999999999999916,-6.0,-8.0,0.0,-52.0
2017-09-20 05:00:00,-0.01650000000000007,-6.0,-8.0,0.0,-52.0
2017-09-20 06:00:00,-0.007699999999999929,-6.0,-8.0,0.0,-52.0
2017-09-20 07:00:00,-0.006000000000000005,-6.0,-8.0,0.0,-52.0
2017-09-20 08:00:00,-0.0030999999999999917,-6.0,-8.0,0.0,-52.0
2017-09-20 09:00:00,0.0007000000000000339,-6.0,-8.0,0.0,-52.0
2017-09-20 10:00:00,-0.02729999999999999,-6.0,-8.0,0.0,-52.0
2017-09-20 11:00:00,-0.030399999999999983,-6.0,-8.0,0.0,-52.0
2017-09-20 12:00:00,-0.02440000000000009,-6.0,-8.0,0.0,-52.0
2017-09-20 13:00:00,-0.010000000000000009,-6.0,-8.0,0.0,-52.0
2017-09-20 14:00:00,0.014699999999999935,-6.0,-8.0,0.0,-52.0
2017-09-20 15:00:00,-0.0018000000000000238,-6.0,-8.0,0.0,-52.0
2017-09-20 16:00:00,-0.0032999999999999696,-6.0,-8.0,0.0,-52.0
2017-09-20 17:00:00,-0.0049000000000000155,-6.0,-8.0,0.0,-52.0
2017-09-20 18:00:00,-0.0010999999999999899,-6.0,-8.0,0.0,-52.0
2017-09-20 19:00:00,0.0018000000000000238,-6.0,-8.0,0.0,-52.0
2017-09-20 20:00:00,0.010000000000000009,-6.0,-8.0,0.0,-52.0
2017-09-20 21:00:00,0.00990000000000002,-6.0,-8.0,0.0,-52.0
2017-09-20 22:00:00,0.010000000000000009,-6.0,-8.0,0.0,-52.0
2017-09-20 23:00:00,0.0013999999999999568,-6.0,-8.0,0.0,-52.0
2017-09-21 00:00:00,0.006900000000000017,6.0,-1.0,17.0,-70.0
2017-09-21 01:00:00,0.00019999999999997797,6.0,-1.0,17.0,-70.0
2017-09-21 02:00:00,-0.007800000000000029,6.0,-1.0,17.0,-70.0
2017-09-21 03:00:00,-0.01189999999999991,6.0,-1.0,17.0,-70.0
2017-09-21 04:00:00,-0.0121,6.0,-1.0,17.0,-70.0
2017-09-21 05:00:00,-0.015199999999999991,6.0,-1.0,17.0,-70.0
2017-09-21 06:00:00,-0.027000000000000024,6.0,-1.0,17.0,-70.0
2017-09-21 07:00:00,-0.032299999999999995,6.0,-1.0,17.0,-70.0
2017-09-21 08:00:00,-0.02749999999999997,6.0,-1.0,17.0,-70.0
2017-09-21 09:00:00,-0.03300000000000003,6.0,-1.0,17.0,-70.0
2017-09-21 10:00:00,-0.01760000000000006,6.0,-1.0,17.0,-70.0
2017-09-21 11:00:00,-0.01539999999999997,6.0,-1.0,17.0,-70.0
2017-09-21 12:00:00,-0.024900000000000033,6.0,-1.0,17.0,-70.0
2017-09-21 13:00:00,-0.03399999999999992,6.0,-1.0,17.0,-70.0
2017-09-21 14:00:00,-0.05349999999999999,6.0,-1.0,17.0,-70.0
2017-09-21 15:00:00,-0.05919999999999992,6.0,-1.0,17.0,-70.0
2017-09-21 16:00:00,-0.07310000000000005,6.0,-1.0,17.0,-70.0
2017-09-21 17:00:00,-0.08570000000000005,6.0,-1.0,17.0,-70.0
2017-09-21 18:00:00,-0.08410000000000001,6.0,-1.0,17.0,-70.0
2017-09-21 19:00:00,-0.09179999999999999,6.0,-1.0,17.0,-70.0
2017-09-21 20:00:00,-0.07030000000000003,6.0,-1.0,17.0,-70.0
2017-09-21 21:00:00,-0.05669999999999997,6.0,-1.0,17.0,-70.0
2017-09-21 22:00:00,-0.06590000000000007,6.0,-1.0,17.0,-70.0
2017-09-21 23:00:00,-0.07109999999999994,6.0,-1.0,17.0,-70.0
2017-09-22 00:00:00,-0.06679999999999997,-9.0,2.0,-16.0,-128.0
2017-09-22 01:00:00,-0.05269999999999997,-9.0,2.0,-16.0,-128.0
2017-09-22 02:00:00,-0.044399999999999995,-9.0,2.0,-16.0,-128.0
2017-09-22 03:00:00,-0.03700000000000003,-9.0,2.0,-16.0,-128.0
2017-09-22 04:00:00,-0.026100000000000012,-9.0,2.0,-16.0,-128.0
2017-09-22 05:00:00,-0.030299999999999994,-9.0,2.0,-16.0,-128.0
2017-09-22 06:00:00,-0.03180000000000005,-9.0,2.0,-16.0,-128.0
2017-09-22 07:00:00,-0.026699999999999946,-9.0,2.0,-16.0,-128.0
2017-09-22 08:00:00,-0.048800000000000066,-9.0,2.0,-16.0,-128.0
2017-09-22 09:00:00,-0.04839999999999994,-9.0,2.0,-16.0,-128.0
2017-09-22 10:00:00,-0.05779999999999996,-9.0,2.0,-16.0,-128.0
2017-09-22 11:00:00,-0.05910000000000004,-9.0,2.0,-16.0,-128.0
2017-09-22 12:00:00,-0.04569999999999991,-9.0,2.0,-16.0,-128.0
2017-09-22 13:00:00,-0.04860000000000003,-9.0,2.0,-16.0,-128.0
2017-09-22 14:00:00,-0.04129999999999995,-9.0,2.0,-16.0,-128.0
2017-09-22 15:00:00,-0.030000000000000027,-9.0,2.0,-16.0,-128.0
2017-09-22 16:00:00,-0.00990000000000002,-9.0,2.0,-16.0,-128.0
2017-09-22 17:00:00,-0.00269999999999998,-9.0,2.0,-16.0,-128.0
2017-09-22 18:00:00,0.00390000000000007,-9.0,2.0,-16.0,-128.0
2017-09-22 19:00:00,0.014000000000000012,-9.0,2.0,-16.0,-128.0
2017-09-22 20:00:00,-0.0050000000000000044,-9.0,2.0,-16.0,-128.0
2017-09-22 21:00:00,-0.01550000000000007,-9.0,2.0,-16.0,-128.0
2017-09-22 22:00:00,0.0034999999999999476,-9.0,2.0,-16.0,-128.0
2017-09-22 23:00:00,0.009800000000000031,-9.0,2.0,-16.0,-128.0
2017-09-23 00:00:00,0.0020000000000000018,-1.0,-9.0,2.0,8.0
2017-09-23 01:00:00,-0.007600000000000051,-1.0,-9.0,2.0,8.0
2017-09-23 02:00:00,0.0050000000000000044,-1.0,-9.0,2.0,8.0
2017-09-23 03:00:00,0.0050000000000000044,-1.0,-9.0,2.0,8.0
2017-09-23 04:00:00,0.010199999999999987,-1.0,-9.0,2.0,8.0
2017-09-23 05:00:00,0.013800000000000034,-1.0,-9.0,2.0,8.0
2017-09-23 06:00:00,0.018500000000000072,-1.0,-9.0,2.0,8.0
2017-09-23 07:00:00,0.014000000000000012,-1.0,-9.0,2.0,8.0
2017-09-23 08:00:00,0.04380000000000006,-1.0,-9.0,2.0,8.0
2017-09-23 09:00:00,0.048299999999999954,-1.0,-9.0,2.0,8.0
2017-09-23 10:00:00,0.06430000000000002,-1.0,-9.0,2.0,8.0
2017-09-23 11:00:00,0.06510000000000005,-1.0,-9.0,2.0,8.0
2017-09-23 12:00:00,0.063,-1.0,-9.0,2.0,8.0
2017-09-23 13:00:00,0.057099999999999984,-1.0,-9.0,2.0,8.0
2017-09-23 14:00:00,0.04949999999999993,-1.0,-9.0,2.0,8.0
2017-09-23 15:00:00,0.04299999999999993,-1.0,-9.0,2.0,8.0
2017-09-23 16:00:00,0.04059999999999997,-1.0,-9.0,2.0,8.0
2017-09-23 17:00:00,0.04500000000000004,-1.0,-9.0,2.0,8.0
2017-09-23 18:00:00,0.034399999999999986,-1.0,-9.0,2.0,8.0
2017-09-23 19:00:00,0.03279999999999994,-1.0,-9.0,2.0,8.0
2017-09-23 20:00:00,0.0354000000000001,-1.0,-9.0,2.0,8.0
2017-09-23 21:00:00,0.03370000000000006,-1.0,-9.0,2.0,8.0
2017-09-23 22:00:00,0.0243000000000001,-1.0,-9.0,2.0,8.0
2017-09-23 23:00:00,0.02969999999999995,-1.0,-9.0,2.0,8.0
2017-09-24 00:00:00,0.03400000000000003,-4.0,-3.0,18.0,24.0
2017-09-24 01:00:00,0.03639999999999999,-4.0,-3.0,18.0,24.0
2017-09-24 02:00:00,0.026599999999999957,-4.0,-3.0,18.0,24.0
2017-09-24 03:00:00,0.02739999999999998,-4.0,-3.0,18.0,24.0
2017-09-24 04:00:00,0.012900000000000023,-4.0,-3.0,18.0,24.0
2017-09-24 05:00:00,-0.0044999999999999485,-4.0,-3.0,18.0,24.0
2017-09-24 06:00:00,-0.007000000000000006,-4.0,-3.0,18.0,24.0
2017-09-24 07:00:00,-0.01319999999999999,-4.0,-3.0,18.0,24.0
2017-09-24 08:00:00,-0.01750000000000007,-4.0,-3.0,18.0,24.0
2017-09-24 09:00:00,-0.022299999999999986,-4.0,-3.0,18.0,24.0
2017-09-24 10:00:00,-0.027200000000000002,-4.0,-3.0,18.0,24.0
2017-09-24 11:00:00,-0.030100000000000016,-4.0,-3.0,18.0,24.0
2017-09-24 12:00:00,-0.03500000000000003,-4.0,-3.0,18.0,24.0
2017-09-24 13:00:00,-0.014900000000000024,-4.0,-3.0,18.0,24.0
2017-09-24 14:00:00,-0.014799999999999924,-4.0,-3.0,18.0,24.0
2017-09-24 15:00:00,-0.017099999999999893,-4.0,-3.0,18.0,24.0
2017-09-24 16:00:00,-0.019100000000000006,-4.0,-3.0,18.0,24.0
2017-09-24 17:00:00,-0.020100000000000007,-4.0,-3.0,18.0,24.0
2017-09-24 18:00:00,-0.017800000000000038,-4.0,-3.0,18.0,24.0
2017-09-24 19:00:00,-0.018799999999999928,-4.0,-3.0,18.0,24.0
2017-09-24 20:00:00,-0.022199999999999998,-4.0,-3.0,18.0,24.0
2017-09-24 21:00:00,-0.00019999999999997797,-4.0,-3.0,18.0,24.0
2017-09-24 22:00:00,-0.0029000000000000137,-4.0,-3.0,18.0,24.0
2017-09-24 23:00:00,-0.006700000000000039,-4.0,-3.0,18.0,24.0
2017-09-25 00:00:00,-0.009000000000000119,5.0,5.0,-21.0,84.0
2017-09-25 01:00:00,-0.008799999999999919,5.0,5.0,-21.0,84.0
2017-09-25 02:00:00,0.0044000000000000705,5.0,5.0,-21.0,84.0
2017-09-25 03:00:00,0.0046000000000000485,5.0,5.0,-21.0,84.0
2017-09-25 04:00:00,0.008599999999999941,5.0,5.0,-21.0,84.0
2017-09-25 05:00:00,0.021199999999999886,5.0,5.0,-21.0,84.0
2017-09-25 06:00:00,0.02190000000000003,5.0,5.0,-21.0,84.0
2017-09-25 07:00:00,0.03169999999999995,5.0,5.0,-21.0,84.0
2017-09-25 08:00:00,0.024500000000000077,5.0,5.0,-21.0,84.0
2017-09-25 09:00:00,0.024600000000000066,5.0,5.0,-21.0,84.0
2017-09-25 10:00:00,0.022399999999999975,5.0,5.0,-21.0,84.0
2017-09-25 11:00:00,0.02400000000000002,5.0,5.0,-21.0,84.0
2017-09-25 12:00:00,0.01869999999999994,5.0,5.0,-21.0,84.0
2017-09-25 13:00:00,0.006400000000000072,5.0,5.0,-21.0,84.0
2017-09-25 14:00:00,0.03799999999999992,5.0,5.0,-21.0,84.0
2017-09-25 15:00:00,0.03849999999999998,5.0,5.0,-21.0,84.0
2017-09-25 16:00:00,0.044499999999999984,5.0,5.0,-21.0,84.0
2017-09-25 17:00:00,0.037899999999999934,5.0,5.0,-21.0,84.0
2017-09-25 18:00:00,0.03880000000000006,5.0,5.0,-21.0,84.0
2017-09-25 19:00:00,0.042100000000000026,5.0,5.0,-21.0,84.0
2017-09-25 20:00:00,0.04830000000000001,5.0,5.0,-21.0,84.0
2017-09-25 21:00:00,0.027000000000000024,5.0,5.0,-21.0,84.0
2017-09-25 22:00:00,0.03200000000000003,5.0,5.0,-21.0,84.0
2017-09-25 23:00:00,0.022800000000000042,5.0,5.0,-21.0,84.0
2017-09-26 00:00:00,0.027000000000000135,-6.0,-1.0,0.0,21.0
2017-09-26 01:00:00,0.027899999999999925,-6.0,-1.0,0.0,21.0
2017-09-26 02:00:00,0.009899999999999909,-6.0,-1.0,0.0,21.0
2017-09-26 03:00:00,0.0015999999999999348,-6.0,-1.0,0.0,21.0
2017-09-26 04:00:00,-0.007499999999999951,-6.0,-1.0,0.0,21.0
2017-09-26 05:00:00,-0.005999999999999894,-6.0,-1.0,0.0,21.0
2017-09-26 06:00:00,-0.0036000000000000476,-6.0,-1.0,0.0,21.0
2017-09-26 07:00:00,-0.0033999999999999586,-6.0,-1.0,0.0,21.0
2017-09-26 08:00:00,0.0030000000000000027,-6.0,-1.0,0.0,21.0
2017-09-26 09:00:00,0.006099999999999994,-6.0,-1.0,0.0,21.0
2017-09-26 10:00:00,0.007299999999999973,-6.0,-1.0,0.0,21.0
2017-09-26 11:00:00,0.008499999999999952,-6.0,-1.0,0.0,21.0
2017-09-26 12:00:00,0.018400000000000083,-6.0,-1.0,0.0,21.0
2017-09-26 13:00:00,0.005799999999999916,-6.0,-1.0,0.0,21.0
2017-09-26 14:00:00,-0.018999999999999906,-6.0,-1.0,0.0,21.0
2017-09-26 15:00:00,-0.0252,-6.0,-1.0,0.0,21.0
2017-09-26 16:00:00,-0.030999999999999917,-6.0,-1.0,0.0,21.0
2017-09-26 17:00:00,-0.024899999999999922,-6.0,-1.0,0.0,21.0
2017-09-26 18:00:00,-0.026000000000000023,-6.0,-1.0,0.0,21.0
2017-09-26 19:00:00,-0.027000000000000135,-6.0,-1.0,0.0,21.0
2017-09-26 20:00:00,-0.03760000000000008,-6.0,-1.0,0.0,21.0
2017-09-26 21:00:00,-0.04200000000000004,-6.0,-1.0,0.0,21.0
2017-09-26 22:00:00,-0.04290000000000005,-6.0,-1.0,0.0,21.0
2017-09-26 23:00:00,-0.039100000000000024,-6.0,-1.0,0.0,21.0
2017-09-27 00:00:00,-0.03950000000000009,9.0,3.0,0.0,466.0
2017-09-27 01:00:00,-0.03589999999999993,9.0,3.0,0.0,466.0
2017-09-27 02:00:00,-0.03389999999999993,9.0,3.0,0.0,466.0
2017-09-27 03:00:00,-0.023599999999999954,9.0,3.0,0.0,466.0
2017-09-27 04:00:00,-0.02100000000000002,9.0,3.0,0.0,466.0
2017-09-27 05:00:00,-0.017299999999999982,9.0,3.0,0.0,466.0
2017-09-27 06:00:00,-0.018299999999999983,9.0,3.0,0.0,466.0
2017-09-27 07:00:00,-0.021199999999999997,9.0,3.0,0.0,466.0
2017-09-27 08:00:00,-0.02850000000000008,9.0,3.0,0.0,466.0
2017-09-27 09:00:00,-0.026000000000000023,9.0,3.0,0.0,466.0
2017-09-27 10:00:00,-0.013499999999999956,9.0,3.0,0.0,466.0
2017-09-27 11:00:00,-0.008399999999999963,9.0,3.0,0.0,466.0
2017-09-27 12:00:00,-0.011900000000000022,9.0,3.0,0.0,466.0
2017-09-27 13:00:00,0.0029000000000000137,9.0,3.0,0.0,466.0
2017-09-27 14:00:00,-0.005099999999999993,9.0,3.0,0.0,466.0
2017-09-27 15:00:00,0.012900000000000023,9.0,3.0,0.0,466.0
2017-09-27 16:00:00,0.0033999999999999586,9.0,3.0,0.0,466.0
2017-09-27 17:00:00,0.006599999999999939,9.0,3.0,0.0,466.0
2017-09-27 18:00:00,0.0232,9.0,3.0,0.0,466.0
2017-09-27 19:00:00,0.021300000000000097,9.0,3.0,0.0,466.0
2017-09-27 20:00:00,0.02529999999999999,9.0,3.0,0.0,466.0
2017-09-27 21:00:00,0.026899999999999924,9.0,3.0,0.0,466.0
2017-09-27 22:00:00,0.030299999999999994,9.0,3.0,0.0,466.0
2017-09-27 23:00:00,0.033499999999999974,9.0,3.0,0.0,466.0
2017-09-28 00:00:00,0.030500000000000083,1.0,0.0,17.0,-327.0
2017-09-28 01:00:00,0.026899999999999924,1.0,0.0,17.0,-327.0
2017-09-28 02:00:00,0.03620000000000001,1.0,0.0,17.0,-327.0
2017-09-28 03:00:00,0.03200000000000003,1.0,0.0,17.0,-327.0
2017-09-28 04:00:00,0.028799999999999937,1.0,0.0,17.0,-327.0
2017-09-28 05:00:00,0.0250999999999999,1.0,0.0,17.0,-327.0
2017-09-28 06:00:00,0.024799999999999933,1.0,0.0,17.0,-327.0
2017-09-28 07:00:00,0.02529999999999999,1.0,0.0,17.0,-327.0
2017-09-28 08:00:00,0.023400000000000087,1.0,0.0,17.0,-327.0
2017-09-28 09:00:00,0.02100000000000002,1.0,0.0,17.0,-327.0
2017-09-28 10:00:00,0.006000000000000005,1.0,0.0,17.0,-327.0
2017-09-28 11:00:00,-0.0040000000000000036,1.0,0.0,17.0,-327.0
2017-09-28 12:00:00,-0.005299999999999971,1.0,0.0,17.0,-327.0
2017-09-28 13:00:00,-0.01079999999999992,1.0,0.0,17.0,-327.0
2017-09-28 14:00:00,-0.0033000000000000806,1.0,0.0,17.0,-327.0
2017-09-28 15:00:00,0.04799999999999993,1.0,0.0,17.0,-327.0
2017-09-28 16:00:00,0.06930000000000003,1.0,0.0,17.0,-327.0
2017-09-28 17:00:00,0.07520000000000004,1.0,0.0,17.0,-327.0
2017-09-28 18:00:00,0.04849999999999999,1.0,0.0,17.0,-327.0
2017-09-28 19:00:00,0.03859999999999997,1.0,0.0,17.0,-327.0
2017-09-28 20:00:00,0.043300000000000005,1.0,0.0,17.0,-327.0
2017-09-28 21:00:00,0.04390000000000005,1.0,0.0,17.0,-327.0
2017-09-28 22:00:00,0.04190000000000005,1.0,0.0,17.0,-327.0
2017-09-28 23:00:00,0.04310000000000003,1.0,0.0,17.0,-327.0
2017-09-29 00:00:00,0.05929999999999991,6.0,-2.0,-4.0,-111.0
2017-09-29 01:00:00,0.054400000000000004,6.0,-2.0,-4.0,-111.0
2017-09-29 02:00:00,0.04179999999999995,6.0,-2.0,-4.0,-111.0
2017-09-29 03:00:00,0.007399999999999962,6.0,-2.0,-4.0,-111.0
2017-09-29 04:00:00,0.023600000000000065,6.0,-2.0,-4.0,-111.0
2017-09-29 05:00:00,0.00880000000000003,6.0,-2.0,-4.0,-111.0
2017-09-29 06:00:00,0.022800000000000042,6.0,-2.0,-4.0,-111.0
2017-09-29 07:00:00,0.03259999999999996,6.0,-2.0,-4.0,-111.0
2017-09-29 08:00:00,0.030099999999999905,6.0,-2.0,-4.0,-111.0
2017-09-29 09:00:00,0.0262,6.0,-2.0,-4.0,-111.0
2017-09-29 10:00:00,0.029099999999999904,6.0,-2.0,-4.0,-111.0
2017-09-29 11:00:00,0.0494,6.0,-2.0,-4.0,-111.0
2017-09-29 12:00:00,0.05509999999999993,6.0,-2.0,-4.0,-111.0
2017-09-29 13:00:00,0.054199999999999915,6.0,-2.0,-4.0,-111.0
2017-09-29 14:00:00,0.05059999999999998,6.0,-2.0,-4.0,-111.0
2017-09-29 15:00:00,0.0018000000000000238,6.0,-2.0,-4.0,-111.0
2017-09-29 16:00:00,-0.0049000000000000155,6.0,-2.0,-4.0,-111.0
2017-09-29 17:00:00,-0.020500000000000074,6.0,-2.0,-4.0,-111.0
2017-09-29 18:00:00,-0.014800000000000035,6.0,-2.0,-4.0,-111.0
2017-09-29 19:00:00,-0.0049000000000000155,6.0,-2.0,-4.0,-111.0
2017-09-29 20:00:00,-0.009999999999999898,6.0,-2.0,-4.0,-111.0
2017-09-29 21:00:00,-0.007499999999999951,6.0,-2.0,-4.0,-111.0
2017-09-29 22:00:00,-0.009299999999999975,6.0,-2.0,-4.0,-111.0
2017-09-29 23:00:00,-0.0121,6.0,-2.0,-4.0,-111.0
2017-09-30 00:00:00,-0.02529999999999999,-8.0,-5.0,-4.0,-144.0
2017-09-30 01:00:00,-0.010299999999999976,-8.0,-5.0,-4.0,-144.0
2017-09-30 02:00:00,-0.0021999999999999797,-8.0,-5.0,-4.0,-144.0
2017-09-30 03:00:00,0.03310000000000002,-8.0,-5.0,-4.0,-144.0
2017-09-30 04:00:00,0.020299999999999985,-8.0,-5.0,-4.0,-144.0
2017-09-30 05:00:00,0.03490000000000004,-8.0,-5.0,-4.0,-144.0
2017-09-30 06:00:00,0.03539999999999999,-8.0,-5.0,-4.0,-144.0
2017-09-30 07:00:00,0.03320000000000001,-8.0,-5.0,-4.0,-144.0
2017-09-30 08:00:00,0.04190000000000005,-8.0,-5.0,-4.0,-144.0
2017-09-30 09:00:00,0.07809999999999995,-8.0,-5.0,-4.0,-144.0
2017-09-30 10:00:00,0.06490000000000007,-8.0,-5.0,-4.0,-144.0
2017-09-30 11:00:00,0.054400000000000004,-8.0,-5.0,-4.0,-144.0
2017-09-30 12:00:00,0.04300000000000004,-8.0,-5.0,-4.0,-144.0
2017-09-30 13:00:00,0.04139999999999999,-8.0,-5.0,-4.0,-144.0
2017-09-30 14:00:00,0.04470000000000007,-8.0,-5.0,-4.0,-144.0
2017-09-30 15:00:00,0.040899999999999936,-8.0,-5.0,-4.0,-144.0
2017-09-30 16:00:00,0.03169999999999995,-8.0,-5.0,-4.0,-144.0
2017-09-30 17:00:00,0.03080000000000005,-8.0,-5.0,-4.0,-144.0
2017-09-30 18:00:00,0.03710000000000002,-8.0,-5.0,-4.0,-144.0
2017-09-30 19:00:00,0.034700000000000064,-8.0,-5.0,-4.0,-144.0
2017-09-30 20:00:00,0.04599999999999993,-8.0,-5.0,-4.0,-144.0
2017-09-30 21:00:00,0.044199999999999906,-8.0,-5.0,-4.0,-144.0
2017-09-30 22:00:00,0.03399999999999992,-8.0,-5.0,-4.0,-144.0
2017-09-30 23:00:00,0.039100000000000024,-8.0,-5.0,-4.0,-144.0
2017-10-01 00:00:00,0.046800000000000064,-9.0,2.0,18.0,123.0
2017-10-01 01:00:00,0.03149999999999997,-9.0,2.0,18.0,123.0
2017-10-01 02:00:00,0.0232,-9.0,2.0,18.0,123.0
2017-10-01 03:00:00,0.01849999999999996,-9.0,2.0,18.0,123.0
2017-10-01 04:00:00,0.02849999999999997,-9.0,2.0,18.0,123.0
2017-10-01 05:00:00,0.03079999999999994,-9.0,2.0,18.0,123.0
2017-10-01 06:00:00,0.017000000000000015,-9.0,2.0,18.0,123.0
2017-10-01 07:00:00,0.012299999999999978,-9.0,2.0,18.0,123.0
2017-10-01 08:00:00,0.00770000000000004,-9.0,2.0,18.0,123.0
2017-10-01 09:00:00,-0.03269999999999995,-9.0,2.0,18.0,123.0
2017-10-01 10:00:00,-0.026000000000000023,-9.0,2.0,18.0,123.0
2017-10-01 11:00:00,-0.031299999999999994,-9.0,2.0,18.0,123.0
2017-10-01 12:00:00,-0.031000000000000028,-9.0,2.0,18.0,123.0
2017-10-01 13:00:00,-0.03399999999999992,-9.0,2.0,18.0,123.0
2017-10-01 14:00:00,-0.030000000000000027,-9.0,2.0,18.0,123.0
2017-10-01 15:00:00,-0.030899999999999928,-9.0,2.0,18.0,123.0
2017-10-01 16:00:00,-0.024599999999999955,-9.0,2.0,18.0,123.0
2017-10-01 17:00:00,-0.021499999999999964,-9.0,2.0,18.0,123.0
2017-10-01 18:00:00,-0.023800000000000043,-9.0,2.0,18.0,123.0
2017-10-01 19:00:00,-0.01770000000000005,-9.0,2.0,18.0,123.0
2017-10-01 20:00:00,-0.029000000000000026,-9.0,2.0,18.0,123.0
2017-10-01 21:00:00,-0.015599999999999947,-9.0,2.0,18.0,123.0
2017-10-01 22:00:00,-0.0039000000000000146,-9.0,2.0,18.0,123.0
2017-10-01 23:00:00,-0.007800000000000029,-9.0,2.0,18.0,123.0
2017-10-02 00:00:00,-0.009299999999999975,17.0,4.0,11.0,52.0
2017-10-02 01:00:00,-0.0044999999999999485,17.0,4.0,11.0,52.0
2017-10-02 02:00:00,0.0013999999999999568,17.0,4.0,11.0,52.0
2017-10-02 03:00:00,-0.0023999999999999577,17.0,4.0,11.0,52.0
2017-10-02 04:00:00,-0.009199999999999986,17.0,4.0,11.0,52.0
2017-10-02 05:00:00,-0.0020999999999999908,17.0,4.0,11.0,52.0
2017-10-02 06:00:00,-0.0044999999999999485,17.0,4.0,11.0,52.0
2017-10-02 07:00:00,-0.007499999999999951,17.0,4.0,11.0,52.0
2017-10-02 08:00:00,-0.0043000000000000815,17.0,4.0,11.0,52.0
2017-10-02 09:00:00,-0.006000000000000005,17.0,4.0,11.0,52.0
2017-10-02 10:00:00,-0.005900000000000016,17.0,4.0,11.0,52.0
2017-10-02 11:00:00,-0.010500000000000065,17.0,4.0,11.0,52.0
2017-10-02 12:00:00,-0.014699999999999935,17.0,4.0,11.0,52.0
2017-10-02 13:00:00,-0.022499999999999964,17.0,4.0,11.0,52.0
2017-10-02 14:00:00,-0.018100000000000005,17.0,4.0,11.0,52.0
2017-10-02 15:00:00,-0.01870000000000005,17.0,4.0,11.0,52.0
2017-10-02 16:00:00,-0.020100000000000007,17.0,4.0,11.0,52.0
2017-10-02 17:00:00,-0.020299999999999985,17.0,4.0,11.0,52.0
2017-10-02 18:00:00,-0.022299999999999986,17.0,4.0,11.0,52.0
2017-10-02 19:00:00,-0.02739999999999998,17.0,4.0,11.0,52.0
2017-10-02 20:00:00,-0.02510000000000001,17.0,4.0,11.0,52.0
2017-10-02 21:00:00,-0.041200000000000014,17.0,4.0,11.0,52.0
2017-10-02 22:00:00,-0.04389999999999994,17.0,4.0,11.0,52.0
2017-10-02 23:00:00,-0.03620000000000001,17.0,4.0,11.0,52.0
2017-10-03 00:00:00,-0.04250000000000009,-4.0,-1.0,-38.0,102.0
2017-10-03 01:00:00,-0.045499999999999985,-4.0,-1.0,-38.0,102.0
2017-10-03 02:00:00,-0.04039999999999988,-4.0,-1.0,-38.0,102.0
2017-10-03 03:00:00,-0.03159999999999996,-4.0,-1.0,-38.0,102.0
2017-10-03 04:00:00,-0.03169999999999995,-4.0,-1.0,-38.0,102.0
2017-10-03 05:00:00,-0.04239999999999999,-4.0,-1.0,-38.0,102.0
2017-10-03 06:00:00,-0.07050000000000001,-4.0,-1.0,-38.0,102.0
2017-10-03 07:00:00,-0.06510000000000005,-4.0,-1.0,-38.0,102.0
2017-10-03 08:00:00,-0.06569999999999998,-4.0,-1.0,-38.0,102.0
2017-10-03 09:00:00,-0.05620000000000003,-4.0,-1.0,-38.0,102.0
2017-10-03 10:00:00,-0.0635,-4.0,-1.0,-38.0,102.0
2017-10-03 11:00:00,-0.054099999999999926,-4.0,-1.0,-38.0,102.0
2017-10-03 12:00:00,-0.0504,-4.0,-1.0,-38.0,102.0
2017-10-03 13:00:00,-0.05020000000000002,-4.0,-1.0,-38.0,102.0
2017-10-03 14:00:00,-0.05689999999999995,-4.0,-1.0,-38.0,102.0
2017-10-03 15:00:00,-0.049899999999999944,-4.0,-1.0,-38.0,102.0
2017-10-03 16:00:00,-0.04589999999999994,-4.0,-1.0,-38.0,102.0
2017-10-03 17:00:00,-0.040200000000000125,-4.0,-1.0,-38.0,102.0
2017-10-03 18:00:00,-0.028999999999999915,-4.0,-1.0,-38.0,102.0
2017-10-03 19:00:00,-0.026599999999999957,-4.0,-1.0,-38.0,102.0
2017-10-03 20:00:00,-0.02510000000000001,-4.0,-1.0,-38.0,102.0
2017-10-03 21:00:00,-0.021700000000000053,-4.0,-1.0,-38.0,102.0
2017-10-03 22:00:00,-0.023900000000000032,-4.0,-1.0,-38.0,102.0
2017-10-03 23:00:00,-0.016000000000000014,-4.0,-1.0,-38.0,102.0
2017-10-04 00:00:00,-0.010299999999999976,-4.0,-3.0,33.0,-116.0
2017-10-04 01:00:00,-0.007800000000000029,-4.0,-3.0,33.0,-116.0
2017-10-04 02:00:00,-0.02100000000000002,-4.0,-3.0,33.0,-116.0
2017-10-04 03:00:00,-0.02740000000000009,-4.0,-3.0,33.0,-116.0
2017-10-04 04:00:00,-0.019299999999999984,-4.0,-3.0,33.0,-116.0
2017-10-04 05:00:00,-0.017799999999999927,-4.0,-3.0,33.0,-116.0
2017-10-04 06:00:00,0.0129999999999999,-4.0,-3.0,33.0,-116.0
2017-10-04 07:00:00,0.010500000000000065,-4.0,-3.0,33.0,-116.0
2017-10-04 08:00:00,0.0043999999999999595,-4.0,-3.0,33.0,-116.0
2017-10-04 09:00:00,-0.005700000000000038,-4.0,-3.0,33.0,-116.0
2017-10-04 10:00:00,-0.012399999999999967,-4.0,-3.0,33.0,-116.0
2017-10-04 11:00:00,-0.017900000000000027,-4.0,-3.0,33.0,-116.0
2017-10-04 12:00:00,-0.0032000000000000917,-4.0,-3.0,33.0,-116.0
2017-10-04 13:00:00,0.007699999999999929,-4.0,-3.0,33.0,-116.0
2017-10-04 14:00:00,0.008000000000000007,-4.0,-3.0,33.0,-116.0
2017-10-04 15:00:00,-0.0020999999999999908,-4.0,-3.0,33.0,-116.0
2017-10-04 16:00:00,-0.005400000000000071,-4.0,-3.0,33.0,-116.0
2017-10-04 17:00:00,0.006400000000000072,-4.0,-3.0,33.0,-116.0
2017-10-04 18:00:00,9.999999999998899e-05,-4.0,-3.0,33.0,-116.0
2017-10-04 19:00:00,-0.0030000000000001137,-4.0,-3.0,33.0,-116.0
2017-10-04 20:00:00,-0.010299999999999976,-4.0,-3.0,33.0,-116.0
2017-10-04 21:00:00,-0.0050000000000000044,-4.0,-3.0,33.0,-116.0
2017-10-04 22:00:00,-0.000300000000000078,-4.0,-3.0,33.0,-116.0
2017-10-04 23:00:00,-0.016099999999999892,-4.0,-3.0,33.0,-116.0
2017-10-05 00:00:00,-0.02279999999999993,0.0,-1.0,-16.0,-40.0
2017-10-05 01:00:00,-0.024399999999999977,0.0,-1.0,-16.0,-40.0
2017-10-05 02:00:00,-0.015100000000000002,0.0,-1.0,-16.0,-40.0
2017-10-05 03:00:00,-0.017100000000000004,0.0,-1.0,-16.0,-40.0
2017-10-05 04:00:00,-0.034600000000000075,0.0,-1.0,-16.0,-40.0
2017-10-05 05:00:00,-0.03270000000000006,0.0,-1.0,-16.0,-40.0
2017-10-05 06:00:00,-0.03499999999999992,0.0,-1.0,-16.0,-40.0
2017-10-05 07:00:00,-0.028299999999999992,0.0,-1.0,-16.0,-40.0
2017-10-05 08:00:00,-0.023799999999999932,0.0,-1.0,-16.0,-40.0
2017-10-05 09:00:00,-0.00979999999999992,0.0,-1.0,-16.0,-40.0
2017-10-05 10:00:00,0.01529999999999998,0.0,-1.0,-16.0,-40.0
2017-10-05 11:00:00,0.014900000000000024,0.0,-1.0,-16.0,-40.0
2017-10-05 12:00:00,0.018400000000000083,0.0,-1.0,-16.0,-40.0
2017-10-05 13:00:00,0.025399999999999978,0.0,-1.0,-16.0,-40.0
2017-10-05 14:00:00,0.017100000000000004,0.0,-1.0,-16.0,-40.0
2017-10-05 15:00:00,0.02400000000000002,0.0,-1.0,-16.0,-40.0
2017-10-05 16:00:00,0.03060000000000007,0.0,-1.0,-16.0,-40.0
2017-10-05 17:00:00,0.018199999999999994,0.0,-1.0,-16.0,-40.0
2017-10-05 18:00:00,0.0129999999999999,0.0,-1.0,-16.0,-40.0
2017-10-05 19:00:00,0.012000000000000122,0.0,-1.0,-16.0,-40.0
2017-10-05 20:00:00,0.016000000000000014,0.0,-1.0,-16.0,-40.0
2017-10-05 21:00:00,0.0050000000000000044,0.0,-1.0,-16.0,-40.0
2017-10-05 22:00:00,0.0025000000000000577,0.0,-1.0,-16.0,-40.0
2017-10-05 23:00:00,0.0035999999999999366,0.0,-1.0,-16.0,-40.0
2017-10-06 00:00:00,-0.0016000000000000458,1.0,-1.0,-16.0,-30.0
2017-10-06 01:00:00,0.011700000000000044,1.0,-1.0,-16.0,-30.0
2017-10-06 02:00:00,0.008499999999999952,1.0,-1.0,-16.0,-30.0
2017-10-06 03:00:00,0.01649999999999996,1.0,-1.0,-16.0,-30.0
2017-10-06 04:00:00,0.02639999999999998,1.0,-1.0,-16.0,-30.0
2017-10-06 05:00:00,0.026700000000000057,1.0,-1.0,-16.0,-30.0
2017-10-06 06:00:00,0.029999999999999916,1.0,-1.0,-16.0,-30.0
2017-10-06 07:00:00,0.026100000000000012,1.0,-1.0,-16.0,-30.0
2017-10-06 08:00:00,0.025599999999999956,1.0,-1.0,-16.0,-30.0
2017-10-06 09:00:00,0.02429999999999999,1.0,-1.0,-16.0,-30.0
2017-10-06 10:00:00,0.015700000000000047,1.0,-1.0,-16.0,-30.0
2017-10-06 11:00:00,0.010399999999999965,1.0,-1.0,-16.0,-30.0
2017-10-06 12:00:00,0.0,1.0,-1.0,-16.0,-30.0
2017-10-06 13:00:00,-0.0028999999999999027,1.0,-1.0,-16.0,-30.0
2017-10-06 14:00:00,-0.009200000000000097,1.0,-1.0,-16.0,-30.0
2017-10-06 15:00:00,-0.01100000000000012,1.0,-1.0,-16.0,-30.0
2017-10-06 16:00:00,-0.029300000000000104,1.0,-1.0,-16.0,-30.0
2017-10-06 17:00:00,-0.03249999999999997,1.0,-1.0,-16.0,-30.0
2017-10-06 18:00:00,-0.0411999999999999,1.0,-1.0,-16.0,-30.0
2017-10-06 19:00:00,-0.032500000000000084,1.0,-1.0,-16.0,-30.0
2017-10-06 20:00:00,-0.031200000000000006,1.0,-1.0,-16.0,-30.0
2017-10-06 21:00:00,-0.02719999999999989,1.0,-1.0,-16.0,-30.0
2017-10-06 22:00:00,-0.026799999999999935,1.0,-1.0,-16.0,-30.0
2017-10-06 23:00:00,-0.045599999999999974,1.0,-1.0,-16.0,-30.0
2017-10-07 00:00:00,-0.033399999999999985,-6.0,-3.0,14.0,1.0
2017-10-07 01:00:00,-0.03190000000000004,-6.0,-3.0,14.0,1.0
2017-10-07 02:00:00,-0.03090000000000004,-6.0,-3.0,14.0,1.0
2017-10-07 03:00:00,-0.03389999999999993,-6.0,-3.0,14.0,1.0
2017-10-07 04:00:00,-0.03620000000000001,-6.0,-3.0,14.0,1.0
2017-10-07 05:00:00,-0.03750000000000009,-6.0,-3.0,14.0,1.0
2017-10-07 06:00:00,-0.04179999999999995,-6.0,-3.0,14.0,1.0
2017-10-07 07:00:00,-0.05300000000000005,-6.0,-3.0,14.0,1.0
2017-10-07 08:00:00,-0.050799999999999956,-6.0,-3.0,14.0,1.0
2017-10-07 09:00:00,-0.053300000000000014,-6.0,-3.0,14.0,1.0
2017-10-07 10:00:00,-0.05500000000000005,-6.0,-3.0,14.0,1.0
2017-10-07 11:00:00,-0.049900000000000055,-6.0,-3.0,14.0,1.0
2017-10-07 12:00:00,-0.053100000000000036,-6.0,-3.0,14.0,1.0
2017-10-07 13:00:00,-0.0514,-6.0,-3.0,14.0,1.0
2017-10-07 14:00:00,-0.037799999999999945,-6.0,-3.0,14.0,1.0
2017-10-07 15:00:00,-0.03509999999999991,-6.0,-3.0,14.0,1.0
2017-10-07 16:00:00,-0.0262,-6.0,-3.0,14.0,1.0
2017-10-07 17:00:00,-0.023600000000000065,-6.0,-3.0,14.0,1.0
2017-10-07 18:00:00,-0.008500000000000063,-6.0,-3.0,14.0,1.0
2017-10-07 19:00:00,-0.014499999999999957,-6.0,-3.0,14.0,1.0
2017-10-07 20:00:00,-0.01639999999999997,-6.0,-3.0,14.0,1.0
2017-10-07 21:00:00,-0.017400000000000082,-6.0,-3.0,14.0,1.0
2017-10-07 22:00:00,0.01429999999999998,-6.0,-3.0,14.0,1.0
2017-10-07 23:00:00,0.04510000000000003,-6.0,-3.0,14.0,1.0
2017-10-08 00:00:00,0.028100000000000014,-2.0,3.0,12.0,297.0
2017-10-08 01:00:00,0.015499999999999958,-2.0,3.0,12.0,297.0
2017-10-08 02:00:00,0.01550000000000007,-2.0,3.0,12.0,297.0
2017-10-08 03:00:00,0.01739999999999997,-2.0,3.0,12.0,297.0
2017-10-08 04:00:00,0.017900000000000027,-2.0,3.0,12.0,297.0
2017-10-08 05:00:00,0.018400000000000083,-2.0,3.0,12.0,297.0
2017-10-08 06:00:00,0.02070000000000005,-2.0,3.0,12.0,297.0
2017-10-08 07:00:00,0.028000000000000025,-2.0,3.0,12.0,297.0
2017-10-08 08:00:00,0.02739999999999998,-2.0,3.0,12.0,297.0
2017-10-08 09:00:00,0.027200000000000002,-2.0,3.0,12.0,297.0
2017-10-08 10:00:00,0.028200000000000003,-2.0,3.0,12.0,297.0
2017-10-08 11:00:00,0.029299999999999993,-2.0,3.0,12.0,297.0
2017-10-08 12:00:00,0.025000000000000022,-2.0,3.0,12.0,297.0
2017-10-08 13:00:00,0.02939999999999998,-2.0,3.0,12.0,297.0
2017-10-08 14:00:00,0.02080000000000004,-2.0,3.0,12.0,297.0
2017-10-08 15:00:00,0.011699999999999933,-2.0,3.0,12.0,297.0
2017-10-08 16:00:00,0.0033000000000000806,-2.0,3.0,12.0,297.0
2017-10-08 17:00:00,0.011099999999999999,-2.0,3.0,12.0,297.0
2017-10-08 18:00:00,0.005400000000000071,-2.0,3.0,12.0,297.0
2017-10-08 19:00:00,0.006900000000000017,-2.0,3.0,12.0,297.0
2017-10-08 20:00:00,0.005599999999999938,-2.0,3.0,12.0,297.0
2017-10-08 21:00:00,0.0036000000000000476,-2.0,3.0,12.0,297.0
2017-10-08 22:00:00,-0.034600000000000075,-2.0,3.0,12.0,297.0
2017-10-08 23:00:00,-0.034700000000000064,-2.0,3.0,12.0,297.0
2017-10-09 00:00:00,-0.03820000000000001,14.0,8.0,-22.0,1.0
2017-10-09 01:00:00,-0.03959999999999997,14.0,8.0,-22.0,1.0
2017-10-09 02:00:00,-0.03700000000000003,14.0,8.0,-22.0,1.0
2017-10-09 03:00:00,-0.04189999999999999,14.0,8.0,-22.0,1.0
2017-10-09 04:00:00,-0.03999999999999998,14.0,8.0,-22.0,1.0
2017-10-09 05:00:00,-0.03190000000000004,14.0,8.0,-22.0,1.0
2017-10-09 06:00:00,-0.03290000000000004,14.0,8.0,-22.0,1.0
2017-10-09 07:00:00,-0.03760000000000002,14.0,8.0,-22.0,1.0
2017-10-09 08:00:00,-0.04849999999999999,14.0,8.0,-22.0,1.0
2017-10-09 09:00:00,-0.044899999999999995,14.0,8.0,-22.0,1.0
2017-10-09 10:00:00,-0.04299999999999998,14.0,8.0,-22.0,1.0
2017-10-09 11:00:00,-0.040899999999999936,14.0,8.0,-22.0,1.0
2017-10-09 12:00:00,-0.03600000000000003,14.0,8.0,-22.0,1.0
2017-10-09 13:00:00,-0.04980000000000001,14.0,8.0,-22.0,1.0
2017-10-09 14:00:00,-0.05750000000000005,14.0,8.0,-22.0,1.0
2017-10-09 15:00:00,-0.048099999999999976,14.0,8.0,-22.0,1.0
2017-10-09 16:00:00,-0.04920000000000002,14.0,8.0,-22.0,1.0
2017-10-09 17:00:00,-0.05779999999999996,14.0,8.0,-22.0,1.0
2017-10-09 18:00:00,-0.05390000000000006,14.0,8.0,-22.0,1.0
2017-10-09 19:00:00,-0.06590000000000007,14.0,8.0,-22.0,1.0
2017-10-09 20:00:00,-0.04259999999999997,14.0,8.0,-22.0,1.0
2017-10-09 21:00:00,-0.05070000000000002,14.0,8.0,-22.0,1.0
2017-10-09 22:00:00,-0.034399999999999986,14.0,8.0,-22.0,1.0
2017-10-09 23:00:00,-0.0464,14.0,8.0,-22.0,1.0
2017-10-10 00:00:00,-0.03230000000000005,-6.0,4.0,26.0,-232.0
2017-10-10 01:00:00,-0.03510000000000002,-6.0,4.0,26.0,-232.0
2017-10-10 02:00:00,-0.03710000000000002,-6.0,4.0,26.0,-232.0
2017-10-10 03:00:00,-0.03149999999999997,-6.0,4.0,26.0,-232.0
2017-10-10 04:00:00,-0.03760000000000002,-6.0,4.0,26.0,-232.0
2017-10-10 05:00:00,-0.042100000000000026,-6.0,4.0,26.0,-232.0
2017-10-10 06:00:00,-0.044300000000000006,-6.0,4.0,26.0,-232.0
2017-10-10 07:00:00,-0.039500000000000035,-6.0,4.0,26.0,-232.0
2017-10-10 08:00:00,-0.016400000000000026,-6.0,4.0,26.0,-232.0
2017-10-10 09:00:00,-0.02300000000000002,-6.0,4.0,26.0,-232.0
2017-10-10 10:00:00,-0.016600000000000004,-6.0,4.0,26.0,-232.0
2017-10-10 11:00:00,-0.011300000000000032,-6.0,4.0,26.0,-232.0
2017-10-10 12:00:00,-0.008000000000000007,-6.0,4.0,26.0,-232.0
2017-10-10 13:00:00,0.0043999999999999595,-6.0,4.0,26.0,-232.0
2017-10-10 14:00:00,0.012400000000000022,-6.0,4.0,26.0,-232.0
2017-10-10 15:00:00,-0.00019999999999997797,-6.0,4.0,26.0,-232.0
2017-10-10 16:00:00,0.017100000000000004,-6.0,4.0,26.0,-232.0
2017-10-10 17:00:00,0.019000000000000017,-6.0,4.0,26.0,-232.0
2017-10-10 18:00:00,0.01319999999999999,-6.0,4.0,26.0,-232.0
2017-10-10 19:00:00,0.02920000000000006,-6.0,4.0,26.0,-232.0
2017-10-10 20:00:00,0.00830000000000003,-6.0,4.0,26.0,-232.0
2017-10-10 21:00:00,0.016699999999999993,-6.0,4.0,26.0,-232.0
2017-10-10 22:00:00,0.00880000000000003,-6.0,4.0,26.0,-232.0
2017-10-10 23:00:00,0.00770000000000004,-6.0,4.0,26.0,-232.0
2017-10-11 00:00:00,0.00770000000000004,-7.0,-2.0,-31.0,0.0
2017-10-11 01:00:00,0.013400000000000023,-7.0,-2.0,-31.0,0.0
2017-10-11 02:00:00,0.016400000000000026,-7.0,-2.0,-31.0,0.0
2017-10-11 03:00:00,0.01579999999999998,-7.0,-2.0,-31.0,0.0
2017-10-11 04:00:00,0.01830000000000004,-7.0,-2.0,-31.0,0.0
2017-10-11 05:00:00,0.017500000000000016,-7.0,-2.0,-31.0,0.0
2017-10-11 06:00:00,0.019100000000000006,-7.0,-2.0,-31.0,0.0
2017-10-11 07:00:00,0.018000000000000016,-7.0,-2.0,-31.0,0.0
2017-10-11 08:00:00,0.01050000000000001,-7.0,-2.0,-31.0,0.0
2017-10-11 09:00:00,0.008599999999999997,-7.0,-2.0,-31.0,0.0
2017-10-11 10:00:00,-0.005500000000000005,-7.0,-2.0,-31.0,0.0
2017-10-11 11:00:00,-0.011099999999999999,-7.0,-2.0,-31.0,0.0
2017-10-11 12:00:00,-0.0131,-7.0,-2.0,-31.0,0.0
2017-10-11 13:00:00,-0.01799999999999996,-7.0,-2.0,-31.0,0.0
2017-10-11 14:00:00,-0.014200000000000046,-7.0,-2.0,-31.0,0.0
2017-10-11 15:00:00,0.0016999999999999793,-7.0,-2.0,-31.0,0.0
2017-10-11 16:00:00,-0.0010999999999999899,-7.0,-2.0,-31.0,0.0
2017-10-11 17:00:00,-0.0008000000000000229,-7.0,-2.0,-31.0,0.0
2017-10-11 18:00:00,0.006500000000000006,-7.0,-2.0,-31.0,0.0
2017-10-11 19:00:00,0.005699999999999983,-7.0,-2.0,-31.0,0.0
2017-10-11 20:00:00,0.002799999999999969,-7.0,-2.0,-31.0,0.0
2017-10-11 21:00:00,0.0048000000000000265,-7.0,-2.0,-31.0,0.0
2017-10-11 22:00:00,0.0041999999999999815,-7.0,-2.0,-31.0,0.0
2017-10-11 23:00:00,0.005099999999999993,-7.0,-2.0,-31.0,0.0
2017-10-12 00:00:00,0.005899999999999961,18.0,21.0,9.0,9.0
2017-10-12 01:00:00,0.008000000000000007,18.0,21.0,9.0,9.0
2017-10-12 02:00:00,0.005400000000000016,18.0,21.0,9.0,9.0
2017-10-12 03:00:00,0.006400000000000017,18.0,21.0,9.0,9.0
2017-10-12 04:00:00,0.009099999999999997,18.0,21.0,9.0,9.0
2017-10-12 05:00:00,0.0030999999999999917,18.0,21.0,9.0,9.0
2017-10-12 06:00:00,0.003200000000000036,18.0,21.0,9.0,9.0
2017-10-12 07:00:00,-0.00489999999999996,18.0,21.0,9.0,9.0
2017-10-12 08:00:00,-0.013500000000000012,18.0,21.0,9.0,9.0
2017-10-12 09:00:00,-0.012799999999999978,18.0,21.0,9.0,9.0
2017-10-12 10:00:00,-0.0040000000000000036,18.0,21.0,9.0,9.0
2017-10-12 11:00:00,-0.0005000000000000004,18.0,21.0,9.0,9.0
2017-10-12 12:00:00,-0.007299999999999973,18.0,21.0,9.0,9.0
2017-10-12 13:00:00,-0.0016000000000000458,18.0,21.0,9.0,9.0
2017-10-12 14:00:00,-0.007099999999999995,18.0,21.0,9.0,9.0
2017-10-12 15:00:00,-0.01899999999999996,18.0,21.0,9.0,9.0
2017-10-12 16:00:00,-0.028400000000000036,18.0,21.0,9.0,9.0
2017-10-12 17:00:00,-0.02400000000000002,18.0,21.0,9.0,9.0
2017-10-12 18:00:00,-0.02939999999999998,18.0,21.0,9.0,9.0
2017-10-12 19:00:00,-0.043899999999999995,18.0,21.0,9.0,9.0
2017-10-12 20:00:00,-0.046999999999999986,18.0,21.0,9.0,9.0
2017-10-12 21:00:00,-0.04949999999999999,18.0,21.0,9.0,9.0
2017-10-12 22:00:00,-0.04799999999999999,18.0,21.0,9.0,9.0
2017-10-12 23:00:00,-0.03370000000000001,18.0,21.0,9.0,9.0
2017-10-13 00:00:00,-0.06339999999999996,-7.0,18.0,9.0,1.0
2017-10-13 01:00:00,-0.04630000000000001,-7.0,18.0,9.0,1.0
2017-10-13 02:00:00,-0.05080000000000001,-7.0,18.0,9.0,1.0
2017-10-13 03:00:00,-0.049299999999999955,-7.0,18.0,9.0,1.0
2017-10-13 04:00:00,-0.04849999999999999,-7.0,18.0,9.0,1.0
2017-10-13 05:00:00,-0.04849999999999999,-7.0,18.0,9.0,1.0
2017-10-13 06:00:00,-0.04380000000000006,-7.0,18.0,9.0,1.0
2017-10-13 07:00:00,-0.025000000000000022,-7.0,18.0,9.0,1.0
2017-10-13 08:00:00,-0.033499999999999974,-7.0,18.0,9.0,1.0
2017-10-13 09:00:00,-0.028300000000000047,-7.0,18.0,9.0,1.0
2017-10-13 10:00:00,-0.032200000000000006,-7.0,18.0,9.0,1.0
2017-10-13 11:00:00,-0.02839999999999998,-7.0,18.0,9.0,1.0
2017-10-13 12:00:00,-0.0363,-7.0,18.0,9.0,1.0
2017-10-13 13:00:00,-0.04299999999999993,-7.0,18.0,9.0,1.0
2017-10-13 14:00:00,-0.045999999999999985,-7.0,18.0,9.0,1.0
2017-10-13 15:00:00,-0.030000000000000027,-7.0,18.0,9.0,1.0
2017-10-13 16:00:00,-0.027299999999999935,-7.0,18.0,9.0,1.0
2017-10-13 17:00:00,-0.031399999999999983,-7.0,18.0,9.0,1.0
2017-10-13 18:00:00,-0.031200000000000006,-7.0,18.0,9.0,1.0
2017-10-13 19:00:00,-0.018799999999999983,-7.0,18.0,9.0,1.0
2017-10-13 20:00:00,-0.017400000000000027,-7.0,18.0,9.0,1.0
2017-10-13 21:00:00,0.0025000000000000022,-7.0,18.0,9.0,1.0
2017-10-13 22:00:00,0.0050000000000000044,-7.0,18.0,9.0,1.0
2017-10-13 23:00:00,-0.0014000000000000123,-7.0,18.0,9.0,1.0
2017-10-14 00:00:00,0.022799999999999987,0.0,-25.0,13.0,52.0
2017-10-14 01:00:00,0.002999999999999947,0.0,-25.0,13.0,52.0
2017-10-14 02:00:00,0.00709999999999994,0.0,-25.0,13.0,52.0
2017-10-14 03:00:00,0.0021999999999999242,0.0,-25.0,13.0,52.0
2017-10-14 04:00:00,0.0030999999999999917,0.0,-25.0,13.0,52.0
2017-10-14 05:00:00,0.006900000000000017,0.0,-25.0,13.0,52.0
2017-10-14 06:00:00,0.013400000000000023,0.0,-25.0,13.0,52.0
2017-10-14 07:00:00,0.016600000000000004,0.0,-25.0,13.0,52.0
2017-10-14 08:00:00,0.03949999999999998,0.0,-25.0,13.0,52.0
2017-10-14 09:00:00,0.04700000000000004,0.0,-25.0,13.0,52.0
2017-10-14 10:00:00,0.0494,0.0,-25.0,13.0,52.0
2017-10-14 11:00:00,0.02679999999999999,0.0,-25.0,13.0,52.0
2017-10-14 12:00:00,0.035499999999999976,0.0,-25.0,13.0,52.0
2017-10-14 13:00:00,0.028699999999999948,0.0,-25.0,13.0,52.0
2017-10-14 14:00:00,0.03660000000000002,0.0,-25.0,13.0,52.0
2017-10-14 15:00:00,0.043999999999999984,0.0,-25.0,13.0,52.0
2017-10-14 16:00:00,0.04799999999999993,0.0,-25.0,13.0,52.0
2017-10-14 17:00:00,0.042300000000000004,0.0,-25.0,13.0,52.0
2017-10-14 18:00:00,0.04509999999999997,0.0,-25.0,13.0,52.0
2017-10-14 19:00:00,0.04219999999999996,0.0,-25.0,13.0,52.0
2017-10-14 20:00:00,0.04410000000000003,0.0,-25.0,13.0,52.0
2017-10-14 21:00:00,0.027700000000000002,0.0,-25.0,13.0,52.0
2017-10-14 22:00:00,0.03200000000000003,0.0,-25.0,13.0,52.0
2017-10-14 23:00:00,0.022699999999999998,0.0,-25.0,13.0,52.0
2017-10-15 00:00:00,0.018000000000000016,-3.0,-5.0,-19.0,198.0
2017-10-15 01:00:00,0.01800000000000007,-3.0,-5.0,-19.0,198.0
2017-10-15 02:00:00,0.01650000000000007,-3.0,-5.0,-19.0,198.0
2017-10-15 03:00:00,0.015000000000000013,-3.0,-5.0,-19.0,198.0
2017-10-15 04:00:00,0.009699999999999986,-3.0,-5.0,-19.0,198.0
2017-10-15 05:00:00,0.008099999999999996,-3.0,-5.0,-19.0,198.0
2017-10-15 06:00:00,-0.0036000000000000476,-3.0,-5.0,-19.0,198.0
2017-10-15 07:00:00,-0.0116,-3.0,-5.0,-19.0,198.0
2017-10-15 08:00:00,-0.0262,-3.0,-5.0,-19.0,198.0
2017-10-15 09:00:00,-0.03670000000000001,-3.0,-5.0,-19.0,198.0
2017-10-15 10:00:00,-0.03970000000000001,-3.0,-5.0,-19.0,198.0
2017-10-15 11:00:00,-0.042200000000000015,-3.0,-5.0,-19.0,198.0
2017-10-15 12:00:00,-0.029799999999999993,-3.0,-5.0,-19.0,198.0
2017-10-15 13:00:00,-0.021799999999999986,-3.0,-5.0,-19.0,198.0
2017-10-15 14:00:00,-0.022999999999999965,-3.0,-5.0,-19.0,198.0
2017-10-15 15:00:00,-0.04249999999999998,-3.0,-5.0,-19.0,198.0
2017-10-15 16:00:00,-0.044999999999999984,-3.0,-5.0,-19.0,198.0
2017-10-15 17:00:00,-0.045999999999999985,-3.0,-5.0,-19.0,198.0
2017-10-15 18:00:00,-0.043999999999999984,-3.0,-5.0,-19.0,198.0
2017-10-15 19:00:00,-0.04169999999999996,-3.0,-5.0,-19.0,198.0
2017-10-15 20:00:00,-0.03689999999999999,-3.0,-5.0,-19.0,198.0
2017-10-15 21:00:00,-0.03260000000000002,-3.0,-5.0,-19.0,198.0
2017-10-15 22:00:00,-0.028400000000000036,-3.0,-5.0,-19.0,198.0
2017-10-15 23:00:00,-0.026000000000000023,-3.0,-5.0,-19.0,198.0
2017-10-16 00:00:00,-0.014500000000000013,15.0,3.0,20.0,125.0
2017-10-16 01:00:00,-0.02130000000000004,15.0,3.0,20.0,125.0
2017-10-16 02:00:00,-0.018900000000000028,15.0,3.0,20.0,125.0
2017-10-16 03:00:00,-0.011200000000000043,15.0,3.0,20.0,125.0
2017-10-16 04:00:00,-0.016100000000000003,15.0,3.0,20.0,125.0
2017-10-16 05:00:00,-0.017100000000000004,15.0,3.0,20.0,125.0
2017-10-16 06:00:00,-0.015499999999999958,15.0,3.0,20.0,125.0
2017-10-16 07:00:00,-0.020100000000000007,15.0,3.0,20.0,125.0
2017-10-16 08:00:00,-0.016199999999999992,15.0,3.0,20.0,125.0
2017-10-16 09:00:00,0.0005999999999999894,15.0,3.0,20.0,125.0
2017-10-16 10:00:00,0.0022000000000000353,15.0,3.0,20.0,125.0
2017-10-16 11:00:00,0.02290000000000003,15.0,3.0,20.0,125.0
2017-10-16 12:00:00,0.02260000000000001,15.0,3.0,20.0,125.0
2017-10-16 13:00:00,0.023999999999999966,15.0,3.0,20.0,125.0
2017-10-16 14:00:00,0.022999999999999965,15.0,3.0,20.0,125.0
2017-10-16 15:00:00,0.028200000000000003,15.0,3.0,20.0,125.0
2017-10-16 16:00:00,0.027000000000000024,15.0,3.0,20.0,125.0
2017-10-16 17:00:00,0.027100000000000013,15.0,3.0,20.0,125.0
2017-10-16 18:00:00,0.022999999999999965,15.0,3.0,20.0,125.0
2017-10-16 19:00:00,0.025999999999999968,15.0,3.0,20.0,125.0
2017-10-16 20:00:00,0.021100000000000008,15.0,3.0,20.0,125.0
2017-10-16 21:00:00,0.014000000000000012,15.0,3.0,20.0,125.0
2017-10-16 22:00:00,0.006400000000000017,15.0,3.0,20.0,125.0
2017-10-16 23:00:00,0.005700000000000038,15.0,3.0,20.0,125.0
2017-10-17 00:00:00,0.005299999999999971,1.0,-5.0,-11.0,174.0
2017-10-17 01:00:00,0.01050000000000001,1.0,-5.0,-11.0,174.0
2017-10-17 02:00:00,0.006400000000000017,1.0,-5.0,-11.0,174.0
2017-10-17 03:00:00,0.0019000000000000683,1.0,-5.0,-11.0,174.0
2017-10-17 04:00:00,0.01050000000000001,1.0,-5.0,-11.0,174.0
2017-10-17 05:00:00,0.016000000000000014,1.0,-5.0,-11.0,174.0
2017-10-17 06:00:00,0.01479999999999998,1.0,-5.0,-11.0,174.0
2017-10-17 07:00:00,0.018100000000000005,1.0,-5.0,-11.0,174.0
2017-10-17 08:00:00,0.016400000000000026,1.0,-5.0,-11.0,174.0
2017-10-17 09:00:00,-0.0020999999999999908,1.0,-5.0,-11.0,174.0
2017-10-17 10:00:00,0.0017999999999999683,1.0,-5.0,-11.0,174.0
2017-10-17 11:00:00,-0.0037000000000000366,1.0,-5.0,-11.0,174.0
2017-10-17 12:00:00,-0.016100000000000003,1.0,-5.0,-11.0,174.0
2017-10-17 13:00:00,-0.016199999999999992,1.0,-5.0,-11.0,174.0
2017-10-17 14:00:00,-0.012900000000000023,1.0,-5.0,-11.0,174.0
2017-10-17 15:00:00,-0.015000000000000013,1.0,-5.0,-11.0,174.0
2017-10-17 16:00:00,-0.013800000000000034,1.0,-5.0,-11.0,174.0
2017-10-17 17:00:00,-0.009699999999999986,1.0,-5.0,-11.0,174.0
2017-10-17 18:00:00,-0.006699999999999928,1.0,-5.0,-11.0,174.0
2017-10-17 19:00:00,-0.011399999999999966,1.0,-5.0,-11.0,174.0
2017-10-17 20:00:00,-0.006900000000000073,1.0,-5.0,-11.0,174.0
2017-10-17 21:00:00,-0.0021000000000000463,1.0,-5.0,-11.0,174.0
2017-10-17 22:00:00,0.024999999999999967,1.0,-5.0,-11.0,174.0
2017-10-17 23:00:00,0.056999999999999995,1.0,-5.0,-11.0,174.0
2017-10-18 00:00:00,0.027700000000000002,0.0,2.0,-5.0,-361.0
2017-10-18 01:00:00,-0.00019999999999997797,0.0,2.0,-5.0,-361.0
2017-10-18 02:00:00,0.01150000000000001,0.0,2.0,-5.0,-361.0
2017-10-18 03:00:00,0.019999999999999962,0.0,2.0,-5.0,-361.0
2017-10-18 04:00:00,0.025999999999999968,0.0,2.0,-5.0,-361.0
2017-10-18 05:00:00,0.027100000000000013,0.0,2.0,-5.0,-361.0
2017-10-18 06:00:00,0.022699999999999998,0.0,2.0,-5.0,-361.0
2017-10-18 07:00:00,0.018500000000000016,0.0,2.0,-5.0,-361.0
2017-10-18 08:00:00,0.012699999999999989,0.0,2.0,-5.0,-361.0
2017-10-18 09:00:00,0.01539999999999997,0.0,2.0,-5.0,-361.0
2017-10-18 10:00:00,0.016000000000000014,0.0,2.0,-5.0,-361.0
2017-10-18 11:00:00,0.01970000000000005,0.0,2.0,-5.0,-361.0
2017-10-18 12:00:00,0.02629999999999999,0.0,2.0,-5.0,-361.0
2017-10-18 13:00:00,0.02030000000000004,0.0,2.0,-5.0,-361.0
2017-10-18 14:00:00,-0.0016999999999999793,0.0,2.0,-5.0,-361.0
2017-10-18 15:00:00,-0.00029999999999996696,0.0,2.0,-5.0,-361.0
2017-10-18 16:00:00,0.00880000000000003,0.0,2.0,-5.0,-361.0
2017-10-18 17:00:00,-0.0013000000000000234,0.0,2.0,-5.0,-361.0
2017-10-18 18:00:00,0.0017999999999999683,0.0,2.0,-5.0,-361.0
2017-10-18 19:00:00,0.003999999999999948,0.0,2.0,-5.0,-361.0
2017-10-18 20:00:00,0.0034000000000000696,0.0,2.0,-5.0,-361.0
2017-10-18 21:00:00,0.010199999999999987,0.0,2.0,-5.0,-361.0
2017-10-18 22:00:00,-0.018699999999999994,0.0,2.0,-5.0,-361.0
2017-10-18 23:00:00,-0.05020000000000002,0.0,2.0,-5.0,-361.0
2017-10-19 00:00:00,-0.022299999999999986,-14.0,-2.0,1.0,-65.0
2017-10-19 01:00:00,0.007699999999999985,-14.0,-2.0,1.0,-65.0
2017-10-19 02:00:00,0.0004999999999999449,-14.0,-2.0,1.0,-65.0
2017-10-19 03:00:00,0.0028000000000000247,-14.0,-2.0,1.0,-65.0
2017-10-19 04:00:00,-0.009999999999999953,-14.0,-2.0,1.0,-65.0
2017-10-19 05:00:00,-0.013000000000000067,-14.0,-2.0,1.0,-65.0
2017-10-19 06:00:00,-0.008099999999999996,-14.0,-2.0,1.0,-65.0
2017-10-19 07:00:00,-0.008500000000000008,-14.0,-2.0,1.0,-65.0
2017-10-19 08:00:00,-0.0024000000000000132,-14.0,-2.0,1.0,-65.0
2017-10-19 09:00:00,-0.0030999999999999917,-14.0,-2.0,1.0,-65.0
2017-10-19 10:00:00,-0.0116,-14.0,-2.0,1.0,-65.0
2017-10-19 11:00:00,-0.027000000000000024,-14.0,-2.0,1.0,-65.0
2017-10-19 12:00:00,-0.02310000000000001,-14.0,-2.0,1.0,-65.0
2017-10-19 13:00:00,-0.01830000000000004,-14.0,-2.0,1.0,-65.0
2017-10-19 14:00:00,-0.00040000000000001146,-14.0,-2.0,1.0,-65.0
2017-10-19 15:00:00,-0.011800000000000033,-14.0,-2.0,1.0,-65.0
2017-10-19 16:00:00,-0.021600000000000008,-14.0,-2.0,1.0,-65.0
2017-10-19 17:00:00,-0.010199999999999987,-14.0,-2.0,1.0,-65.0
2017-10-19 18:00:00,-0.012299999999999978,-14.0,-2.0,1.0,-65.0
2017-10-19 19:00:00,-0.010699999999999987,-14.0,-2.0,1.0,-65.0
2017-10-19 20:00:00,-0.006700000000000039,-14.0,-2.0,1.0,-65.0
2017-10-19 21:00:00,-0.01629999999999998,-14.0,-2.0,1.0,-65.0
2017-10-19 22:00:00,-0.020899999999999974,-14.0,-2.0,1.0,-65.0
2017-10-19 23:00:00,-0.020199999999999996,-14.0,-2.0,1.0,-65.0
2017-10-20 00:00:00,-0.022199999999999998,-1.0,9.0,1.0,3.0
2017-10-20 01:00:00,-0.035699999999999954,-1.0,9.0,1.0,3.0
2017-10-20 02:00:00,-0.03799999999999992,-1.0,9.0,1.0,3.0
2017-10-20 03:00:00,-0.04470000000000002,-1.0,9.0,1.0,3.0
2017-10-20 04:00:00,-0.03610000000000002,-1.0,9.0,1.0,3.0
2017-10-20 05:00:00,-0.03869999999999996,-1.0,9.0,1.0,3.0
2017-10-20 06:00:00,-0.04349999999999998,-1.0,9.0,1.0,3.0
2017-10-20 07:00:00,-0.041700000000000015,-1.0,9.0,1.0,3.0
2017-10-20 08:00:00,-0.044399999999999995,-1.0,9.0,1.0,3.0
2017-10-20 09:00:00,-0.04079999999999995,-1.0,9.0,1.0,3.0
2017-10-20 10:00:00,-0.033999999999999975,-1.0,9.0,1.0,3.0
2017-10-20 11:00:00,-0.020299999999999985,-1.0,9.0,1.0,3.0
2017-10-20 12:00:00,-0.02999999999999997,-1.0,9.0,1.0,3.0
2017-10-20 13:00:00,-0.031200000000000006,-1.0,9.0,1.0,3.0
2017-10-20 14:00:00,-0.018100000000000005,-1.0,9.0,1.0,3.0
2017-10-20 15:00:00,-0.014999999999999958,-1.0,9.0,1.0,3.0
2017-10-20 16:00:00,-0.02400000000000002,-1.0,9.0,1.0,3.0
2017-10-20 17:00:00,-0.029799999999999993,-1.0,9.0,1.0,3.0
2017-10-20 18:00:00,-0.025000000000000022,-1.0,9.0,1.0,3.0
2017-10-20 19:00:00,-0.024999999999999967,-1.0,9.0,1.0,3.0
2017-10-20 20:00:00,-0.037699999999999956,-1.0,9.0,1.0,3.0
2017-10-20 21:00:00,-0.0398,-1.0,9.0,1.0,3.0
2017-10-20 22:00:00,-0.040000000000000036,-1.0,9.0,1.0,3.0
2017-10-20 23:00:00,-0.034499999999999975,-1.0,9.0,1.0,3.0
2017-10-21 00:00:00,-0.028000000000000025,-3.0,4.0,-6.0,0.0
2017-10-21 01:00:00,-0.02150000000000002,-3.0,4.0,-6.0,0.0
2017-10-21 02:00:00,-0.026400000000000035,-3.0,4.0,-6.0,0.0
2017-10-21 03:00:00,-0.02799999999999997,-3.0,4.0,-6.0,0.0
2017-10-21 04:00:00,-0.035499999999999976,-3.0,4.0,-6.0,0.0
2017-10-21 05:00:00,-0.04520000000000002,-3.0,4.0,-6.0,0.0
2017-10-21 06:00:00,-0.03839999999999999,-3.0,4.0,-6.0,0.0
2017-10-21 07:00:00,-0.044399999999999995,-3.0,4.0,-6.0,0.0
2017-10-21 08:00:00,-0.0474,-3.0,4.0,-6.0,0.0
2017-10-21 09:00:00,-0.05350000000000005,-3.0,4.0,-6.0,0.0
2017-10-21 10:00:00,-0.05020000000000002,-3.0,4.0,-6.0,0.0
2017-10-21 11:00:00,-0.0701,-3.0,4.0,-6.0,0.0
2017-10-21 12:00:00,-0.04970000000000002,-3.0,4.0,-6.0,0.0
2017-10-21 13:00:00,-0.05149999999999999,-3.0,4.0,-6.0,0.0
2017-10-21 14:00:00,-0.05989999999999995,-3.0,4.0,-6.0,0.0
2017-10-21 15:00:00,-0.03560000000000002,-3.0,4.0,-6.0,0.0
2017-10-21 16:00:00,-0.02739999999999998,-3.0,4.0,-6.0,0.0
2017-10-21 17:00:00,-0.02040000000000003,-3.0,4.0,-6.0,0.0
2017-10-21 18:00:00,-0.02689999999999998,-3.0,4.0,-6.0,0.0
2017-10-21 19:00:00,-0.03310000000000002,-3.0,4.0,-6.0,0.0
2017-10-21 20:00:00,-0.029500000000000026,-3.0,4.0,-6.0,0.0
2017-10-21 21:00:00,-0.02739999999999998,-3.0,4.0,-6.0,0.0
2017-10-21 22:00:00,-0.015099999999999947,-3.0,4.0,-6.0,0.0
2017-10-21 23:00:00,-0.003400000000000014,-3.0,4.0,-6.0,0.0
2017-10-22 00:00:00,-0.008500000000000008,-4.0,-10.0,8.0,0.0
2017-10-22 01:00:00,-0.0046000000000000485,-4.0,-10.0,8.0,0.0
2017-10-22 02:00:00,0.007400000000000018,-4.0,-10.0,8.0,0.0
2017-10-22 03:00:00,0.009799999999999975,-4.0,-10.0,8.0,0.0
2017-10-22 04:00:00,0.008599999999999997,-4.0,-10.0,8.0,0.0
2017-10-22 05:00:00,0.012800000000000034,-4.0,-10.0,8.0,0.0
2017-10-22 06:00:00,0.0041999999999999815,-4.0,-10.0,8.0,0.0
2017-10-22 07:00:00,0.009599999999999997,-4.0,-10.0,8.0,0.0
2017-10-22 08:00:00,0.0353,-4.0,-10.0,8.0,0.0
2017-10-22 09:00:00,0.034499999999999975,-4.0,-10.0,8.0,0.0
2017-10-22 10:00:00,0.033299999999999996,-4.0,-10.0,8.0,0.0
2017-10-22 11:00:00,0.05939999999999995,-4.0,-10.0,8.0,0.0
2017-10-22 12:00:00,0.043999999999999984,-4.0,-10.0,8.0,0.0
2017-10-22 13:00:00,0.04299999999999998,-4.0,-10.0,8.0,0.0
2017-10-22 14:00:00,0.04579999999999995,-4.0,-10.0,8.0,0.0
2017-10-22 15:00:00,0.018000000000000016,-4.0,-10.0,8.0,0.0
2017-10-22 16:00:00,0.013000000000000012,-4.0,-10.0,8.0,0.0
2017-10-22 17:00:00,0.01090000000000002,-4.0,-10.0,8.0,0.0
2017-10-22 18:00:00,0.016100000000000003,-4.0,-10.0,8.0,0.0
2017-10-22 19:00:00,0.024500000000000022,-4.0,-10.0,8.0,0.0
2017-10-22 20:00:00,0.025000000000000022,-4.0,-10.0,8.0,0.0
2017-10-22 21:00:00,0.016900000000000026,-4.0,-10.0,8.0,0.0
2017-10-22 22:00:00,0.009599999999999997,-4.0,-10.0,8.0,0.0
2017-10-22 23:00:00,-0.007699999999999985,-4.0,-10.0,8.0,0.0
2017-10-23 00:00:00,-0.009399999999999964,11.0,5.0,-12.0,217.0
