,XEM,IOT
0,0.004599999999999993,0.014499999999999957
1,-0.008099999999999996,0.0016000000000000458
2,0.0007000000000000062,-0.0019000000000000128
3,0.010499999999999982,-0.008000000000000007
4,0.0009000000000000119,0.0037000000000000366
5,0.0020000000000000018,-0.0018000000000000238
6,0.0,0.023499999999999965
7,-0.0010000000000000009,0.019500000000000073
8,-0.013000000000000012,0.0038000000000000256
9,0.01200000000000001,-0.012700000000000045
10,0.00040000000000001146,-9.999999999998899e-05
11,0.0015999999999999903,-0.01090000000000002
12,-0.0050000000000000044,-0.010800000000000032
13,0.008799999999999975,-0.0042999999999999705
14,0.0012000000000000344,-0.0029000000000000137
15,0.0,0.02100000000000002
16,-0.0020999999999999908,0.0
17,-0.0018000000000000238,-0.013000000000000012
18,0.00040000000000001146,0.01100000000000001
19,-0.0027000000000000357,0.0030000000000000027
20,0.01150000000000001,-0.008900000000000019
21,-0.012899999999999967,-0.0040999999999999925
22,-0.002599999999999991,0.009000000000000008
23,0.008799999999999975,0.005800000000000027
24,0.0014000000000000123,0.01100000000000001
25,0.01150000000000001,0.0031999999999999806
26,0.007499999999999951,0.03969999999999996
27,0.0010000000000000009,0.00019999999999997797
28,-0.007899999999999963,-0.030099999999999905
29,-0.005900000000000016,0.0
30,0.005199999999999982,0.005199999999999982
31,-0.015100000000000002,0.01200000000000001
32,-0.0022999999999999687,0.006000000000000005
33,0.030999999999999972,0.0020000000000000018
34,0.049000000000000044,-0.022199999999999998
35,-0.07390000000000002,-0.011900000000000022
36,0.0024000000000000132,-0.0033000000000000806
37,-0.005700000000000038,0.01540000000000008
38,0.003200000000000036,0.007000000000000006
39,0.0050000000000000044,0.0
40,0.006699999999999984,-0.006700000000000039
41,0.004300000000000026,0.006199999999999983
42,-0.013700000000000045,0.0035000000000000586
43,0.00040000000000001146,-0.0017000000000000348
44,-0.010199999999999987,-0.007299999999999973
45,0.009500000000000008,-0.0030000000000000027
46,0.00539999999999996,0.005299999999999971
47,-0.006999999999999951,0.0017000000000000348
48,0.009599999999999997,0.0020000000000000018
49,-0.0040000000000000036,0.0010000000000000009
50,-0.003500000000000003,0.013899999999999912
51,0.003500000000000003,0.020100000000000007
52,0.0,0.024900000000000033
53,0.0,-0.007199999999999984
54,-0.0030000000000000027,-0.0029000000000000137
55,0.0030000000000000027,0.0047000000000000375
56,-0.0010000000000000009,0.005099999999999993
57,0.0025000000000000022,0.005499999999999949
58,0.0,-0.0413
59,-0.005400000000000016,-0.010699999999999932
60,-0.0015999999999999903,-0.0030999999999999917
61,0.0030000000000000027,-0.000300000000000078
62,0.0,0.0046000000000000485
63,0.0020000000000000018,0.0012999999999999678
64,-0.0001000000000000445,-0.005199999999999982
65,0.00030000000000002247,-0.00539999999999996
66,0.004300000000000026,-0.0010000000000000009
67,-0.0018000000000000238,-0.006099999999999994
68,-0.0011999999999999789,0.015599999999999947
69,0.0011999999999999789,0.005900000000000016
70,0.0011999999999999789,0.0045999999999999375
71,0.0001000000000000445,-0.00869999999999993
72,-0.0024000000000000132,-0.00029999999999996696
73,0.0025000000000000022,-0.0013000000000000789
74,0.0,-0.0013999999999999568
75,0.005400000000000016,-0.0025000000000000577
76,0.0,-0.0043999999999999595
77,-0.0030000000000000027,0.0016000000000000458
78,-0.0010000000000000009,-0.0020000000000000018
79,9.999999999998899e-05,0.0004999999999999449
80,-0.004500000000000004,0.008500000000000063
81,0.004500000000000004,-0.008500000000000063
82,-9.999999999998899e-05,-0.00029999999999996696
83,0.0008999999999999564,-9.999999999998899e-05
84,0.0,-0.01419999999999999
85,-0.003500000000000003,-0.0028000000000000247
86,0.0011000000000000454,0.0009000000000000119
87,0.010499999999999954,-0.006900000000000017
88,0.0036000000000000476,0.00019999999999997797
89,9.999999999998899e-05,-0.005299999999999971
90,-0.0005000000000000004,0.0038000000000000256
91,-0.0022000000000000353,-0.03380000000000005
92,0.0,0.008000000000000007
93,0.0,-9.999999999998899e-05
94,0.0,0.010099999999999998
95,0.0010000000000000009,-0.006099999999999994
96,-0.00029999999999996696,-0.008900000000000019
97,0.0,-0.0045999999999999375
98,-0.0022000000000000353,0.008999999999999897
99,-0.0044999999999999485,-0.0023999999999999577
100,0.0,-0.0040999999999999925
101,0.0005000000000000004,-0.0029000000000000137
102,-0.0008000000000000229,0.010000000000000009
103,0.0010999999999999899,0.0043999999999999595
104,0.007199999999999984,0.0006000000000000449
105,-0.0015000000000000013,-0.007800000000000029
106,0.0015000000000000013,-0.01419999999999999
107,0.0,0.006900000000000017
108,-0.005500000000000005,-0.0027000000000000357
109,0.0,-0.0046999999999999265
110,0.0,0.007499999999999951
111,0.003300000000000025,0.00539999999999996
112,0.0005000000000000004,-0.004899999999999904
113,-0.0016999999999999793,-0.014600000000000057
114,0.00039999999999995595,0.0121
115,0.0013000000000000234,0.0020000000000000018
116,-0.0014000000000000123,-0.0028000000000000247
117,0.00030000000000002247,-0.0021999999999999797
118,0.0010999999999999899,-0.0020000000000000018
119,-0.003300000000000025,-0.010599999999999943
120,0.0,-0.019199999999999995
121,0.0,0.01629999999999998
122,0.0001000000000000445,-0.0020000000000000018
123,0.0,-0.0045000000000000595
124,9.999999999998899e-05,-0.011099999999999999
125,0.0,-0.006900000000000017
126,0.0,0.0050000000000000044
127,0.0,0.0
128,-0.0005000000000000004,-0.0050000000000000044
129,0.0005000000000000004,-0.0010999999999999899
130,0.0,-0.005699999999999927
131,0.0020000000000000018,0.012399999999999967
132,0.009699999999999986,0.0044999999999999485
133,-0.0006999999999999784,0.000200000000000089
134,0.005799999999999972,0.009699999999999931
135,0.0,0.03420000000000001
136,0.0,-0.0041999999999999815
137,-0.006699999999999984,-0.015100000000000002
138,0.0009000000000000119,-0.010499999999999954
139,0.0,0.0
140,0.0,0.011399999999999966
141,-0.0005999999999999894,0.0018000000000000238
142,0.0020999999999999908,0.007199999999999984
143,0.0,0.016699999999999937
144,0.003599999999999992,-0.0019999999999998908
145,0.00029999999999996696,-0.0051000000000001044
146,-0.007099999999999995,-0.010299999999999976
147,0.0001000000000000445,0.0037000000000000366
148,0.0,0.0044999999999999485
149,-0.00020000000000003348,0.0034000000000000696
150,0.006199999999999983,0.0022999999999999687
151,0.0014000000000000123,-0.0037000000000000366
152,-0.0009000000000000119,0.006700000000000039
153,0.00030000000000002247,0.0039000000000000146
154,0.0005999999999999894,0.016800000000000037
155,0.039000000000000035,-0.0034000000000000696
156,-0.008000000000000007,0.005400000000000071
157,-0.0020000000000000018,0.0012999999999999678
158,-0.004500000000000004,-0.008299999999999974
159,0.004500000000000004,-0.0027000000000000357
160,0.0,-0.008500000000000063
161,-0.0005000000000000004,0.0025000000000000577
162,0.0005000000000000004,0.0121
163,0.0,0.0038000000000000256
164,-0.0010000000000000009,-0.0008000000000000229
165,0.0005000000000000004,-0.006099999999999994
166,0.0040000000000000036,-0.00550000000000006
167,0.006500000000000006,-0.011599999999999944
168,0.0010000000000000009,0.010000000000000009
169,0.0,-0.0024000000000000687
170,0.0,-0.014599999999999946
171,0.0,-0.0049000000000000155
172,0.0,0.0030000000000000027
173,0.0,0.0018000000000000238
174,0.0,-0.012800000000000034
175,0.0,-0.009800000000000031
176,-0.00040000000000001146,0.0048000000000000265
177,-0.0009000000000000119,0.0028000000000000247
178,0.0013000000000000234,0.0031999999999999806
179,0.0,0.014000000000000012
180,-0.006700000000000039,-0.005800000000000027
181,-0.006299999999999972,0.015700000000000047
182,-0.0010999999999999899,9.999999999998899e-05
183,0.006099999999999994,-0.0020000000000000018
184,-0.0001000000000000445,0.0020000000000000018
185,-0.0006999999999999784,-0.0043999999999999595
186,-0.005099999999999993,-0.005600000000000049
187,0.0,0.0
188,-0.0020000000000000018,-0.010000000000000009
189,0.00040000000000001146,-0.015000000000000013
190,0.0031999999999999806,-0.010199999999999987
191,0.0023000000000000242,0.005099999999999993
192,0.0005000000000000004,0.0020999999999999908
193,0.0,-0.0020000000000000018
194,0.0,-0.010000000000000009
195,-0.0005000000000000004,0.0
196,0.0005000000000000004,-0.007499999999999951
197,-0.0015000000000000013,-0.022499999999999964
198,-0.0022000000000000353,0.007499999999999951
199,0.0022000000000000353,0.0006000000000000449
200,0.0006999999999999784,-0.008199999999999985
201,-0.0005000000000000004,-0.03590000000000004
202,0.0005000000000000004,-0.018299999999999983
203,-0.004599999999999993,0.0016999999999999238
204,-0.013400000000000023,0.0026000000000000467
205,0.0,0.0050000000000000044
206,-0.011099999999999999,0.0
207,0.00940000000000002,0.009000000000000008
208,0.0005000000000000004,-0.014700000000000046
209,-0.004500000000000004,-0.01429999999999998
210,-0.006799999999999973,0.006199999999999983
211,0.006899999999999962,-0.0034999999999999476
212,0.003500000000000003,-0.009500000000000064
213,-0.0030000000000000027,-0.019199999999999995
214,0.0018000000000000238,0.006000000000000005
215,-0.010699999999999987,-0.01629999999999998
216,0.003599999999999992,0.00029999999999996696
217,-0.013000000000000012,-0.00539999999999996
218,-0.010599999999999998,-0.007399999999999962
219,0.0,-0.0031999999999999806
220,0.0,-0.007000000000000006
221,0.0,-0.0022000000000000908
222,0.0,0.01419999999999999
223,0.0,0.008400000000000074
224,0.0,0.023399999999999976
225,0.022299999999999986,0.020199999999999996
226,0.010000000000000009,-0.0011999999999999789
227,0.0006999999999999784,-0.006800000000000028
228,0.005400000000000016,0.02980000000000005
229,-0.0020999999999999908,0.011599999999999944
230,0.0,0.0036000000000000476
231,0.0,-0.0013000000000000789
232,0.0,-0.0047999999999999154
233,-0.00040000000000001146,-0.0028000000000000247
234,-0.01100000000000001,-0.01980000000000004
235,0.011400000000000021,-0.018799999999999928
236,-0.015500000000000014,0.0004999999999999449
237,-0.004699999999999982,-0.010399999999999965
238,-0.0048000000000000265,-0.026000000000000023
239,0.003400000000000014,0.0033999999999999586
240,0.011400000000000021,0.024500000000000077
241,0.0007999999999999674,0.019000000000000017
242,-0.0006999999999999784,0.008499999999999952
243,0.0,-0.006000000000000005
244,-0.00030000000000002247,-0.0007000000000000339
245,0.0001000000000000445,0.007300000000000084
246,-0.0027000000000000357,9.999999999998899e-05
247,0.0048000000000000265,0.0042999999999999705
248,0.0025000000000000022,-0.009800000000000031
249,0.0005000000000000004,-0.011099999999999999
250,0.0,-0.0030999999999999917
251,0.0,-0.007900000000000018
252,0.0021999999999999797,0.006700000000000039
253,-9.999999999998899e-05,0.0011999999999999789
254,-0.0005000000000000004,-0.008299999999999974
255,0.00040000000000001146,-0.006399999999999961
256,-0.013900000000000023,-0.02650000000000008
257,-0.004500000000000004,-0.018899999999999917
258,-0.0005999999999999894,-0.014900000000000024
259,-0.0018000000000000238,-0.03210000000000002
260,-0.010999999999999954,-0.07289999999999996
261,0.0,0.03809999999999991
262,0.0,0.006900000000000017
263,0.0,-0.009000000000000008
264,0.0,-0.010000000000000009
265,0.0,0.0040000000000000036
266,0.0,0.06720000000000004
267,-0.008500000000000008,0.03180000000000005
268,0.006500000000000006,-0.019100000000000006
269,0.014499999999999957,0.009000000000000008
270,-0.0020000000000000018,-0.037900000000000045
271,-0.006399999999999961,-0.03539999999999999
272,-0.0017000000000000348,-0.02760000000000007
273,-0.011399999999999966,-0.03159999999999996
274,0.0,0.016100000000000003
275,-0.008599999999999997,-0.03249999999999997
276,0.00029999999999996696,0.019000000000000017
277,-0.0049000000000000155,-0.0010000000000000009
278,0.0,0.01090000000000002
279,0.0,0.07109999999999994
280,0.0,-0.008000000000000007
281,0.0,-0.04200000000000004
282,0.020000000000000018,0.020000000000000018
283,0.0014000000000000123,-0.01100000000000001
284,0.010299999999999976,0.01200000000000001
285,-0.003500000000000003,0.0010000000000000009
286,0.0,0.007900000000000018
287,0.0,-0.008900000000000019
288,0.0,0.019000000000000017
289,0.005100000000000049,0.03600000000000003
290,0.00039999999999995595,0.0039000000000000146
291,0.0,-0.0026000000000000467
292,-0.00019999999999997797,-0.008299999999999974
293,-0.006500000000000006,0.0004999999999999449
294,0.0,-0.008599999999999941
295,0.0,0.014100000000000001
296,0.011199999999999988,-0.015000000000000013
297,0.006400000000000017,0.015000000000000013
298,-0.0030999999999999917,0.0020000000000000018
299,0.003400000000000014,-0.01770000000000005
300,9.999999999998899e-05,0.0006000000000000449
301,-0.0025000000000000022,-0.007399999999999962
302,0.0,-0.006200000000000094
303,0.0,0.017900000000000027
304,0.0,0.010800000000000032
305,0.008199999999999985,0.010599999999999943
306,0.0010000000000000009,0.0029000000000000137
307,-0.01150000000000001,0.021500000000000075
308,0.005700000000000038,0.009999999999999898
309,0.0,-0.009999999999999898
310,-0.0007000000000000339,9.999999999998899e-05
311,-0.009500000000000008,-0.0030000000000000027
312,0.010200000000000042,0.020100000000000007
313,-0.0029000000000000137,0.03279999999999994
314,0.0029000000000000137,0.007299999999999973
315,-0.0001000000000000445,0.007600000000000051
316,0.0001000000000000445,0.0039000000000000146
317,0.0,-0.017299999999999982
318,0.0,0.017299999999999982
319,0.0,-0.0022999999999999687
320,0.0,-0.006500000000000061
321,-0.004200000000000037,-0.027100000000000013
322,-0.004500000000000004,-0.00019999999999997797
323,-0.00019999999999997797,0.006800000000000028
324,0.00019999999999997797,-0.007500000000000062
325,0.0010000000000000009,0.009700000000000042
326,-9.999999999998899e-05,-0.0037000000000000366
327,-9.999999999998899e-05,-0.005299999999999971
328,-0.00020000000000003348,-0.011700000000000044
329,0.004400000000000015,0.021300000000000097
330,0.003400000000000014,-0.0023000000000000798
331,-0.0005999999999999894,-0.008000000000000007
332,9.999999999998899e-05,0.0030000000000000027
333,0.0,-0.0050000000000000044
334,-0.0049000000000000155,-0.0011999999999999789
335,0.0010000000000000009,-0.006199999999999983
336,0.0018000000000000238,-0.005600000000000049
337,-0.0017000000000000348,-0.006000000000000005
338,-0.0023999999999999577,-0.013999999999999901
339,-0.00020000000000003348,-0.017000000000000015
340,0.0,0.0041999999999999815
341,-9.999999999998899e-05,-0.014399999999999968
342,0.00030000000000002247,-0.0012000000000000899
343,-0.00020000000000003348,-0.0005999999999999339
344,-0.0011999999999999789,0.0
345,-0.00030000000000002247,-0.007900000000000018
346,-0.002899999999999958,-0.011099999999999999
347,-0.00020000000000003348,-0.017199999999999993
348,0.0,0.04820000000000002
349,9.999999999998899e-05,-0.0020000000000000018
350,0.016100000000000003,-0.026000000000000023
351,-0.0012999999999999678,0.006199999999999983
352,-0.00040000000000001146,0.016700000000000048
353,0.00019999999999997797,0.0009000000000000119
354,-0.003899999999999959,-0.010000000000000009
355,-0.0019000000000000128,0.0040999999999999925
356,-0.0005000000000000004,-0.01990000000000003
357,-9.999999999998899e-05,-0.00660000000000005
358,-0.014800000000000035,-0.07339999999999991
359,-0.009399999999999964,0.0250999999999999
360,-0.0010000000000000009,-0.00039999999999995595
361,-0.00020000000000003348,-0.034499999999999975
362,-9.999999999998899e-05,-0.0022999999999999687
363,-0.0010000000000000009,-0.01200000000000001
364,-0.0005000000000000004,0.009000000000000008
365,9.999999999998899e-05,0.0040000000000000036
366,0.0017000000000000348,0.017699999999999938
367,0.0,0.005400000000000071
368,0.0,-0.02290000000000003
369,-0.00040000000000001146,-0.0046000000000000485
370,-0.003599999999999992,0.0036000000000000476
371,0.0015000000000000013,0.016699999999999937
372,0.0017999999999999683,-0.0045999999999999375
373,0.011699999999999988,0.014799999999999924
374,0.0018000000000000238,0.019000000000000017
375,-0.0011999999999999789,-0.00039999999999995595
376,-0.00030000000000002247,-0.012499999999999956
377,-0.006099999999999994,-0.0012000000000000899
378,-0.005400000000000016,0.00880000000000003
379,9.999999999998899e-05,-0.0009000000000000119
380,0.0,0.0021999999999999797
381,-0.00019999999999997797,-0.0036999999999999256
382,0.0,-0.010000000000000009
383,-0.0008000000000000229,-0.006800000000000028
384,0.0005000000000000004,-0.0032999999999999696
385,0.0,-0.005199999999999982
386,-0.0006999999999999784,-0.01100000000000001
387,-0.0025000000000000022,0.010000000000000009
388,0.0038000000000000256,-0.0029000000000000137
389,0.0,-0.00019999999999997797
390,0.0,0.015599999999999947
391,-0.00030000000000002247,0.005299999999999971
392,0.0,-0.0043999999999999595
393,0.00030000000000002247,0.005599999999999938
394,-0.00040000000000001146,-0.015599999999999947
395,-0.0020000000000000018,0.0042999999999999705
396,-0.0028000000000000247,-0.0036999999999999256
397,-0.0022999999999999687,-0.03400000000000003
398,-0.003300000000000025,-0.0011999999999999789
399,-0.005299999999999971,-0.018100000000000005
400,-0.004599999999999993,0.01429999999999998
401,-0.003300000000000025,-0.016000000000000014
402,0.0,-0.014000000000000012
403,0.01090000000000002,-0.00029999999999996696
404,-0.0012000000000000344,0.00379999999999997
405,0.0014000000000000123,0.015200000000000047
406,0.002599999999999991,0.006199999999999983
407,-0.0014000000000000123,-0.0007000000000000339
408,0.0007000000000000339,0.00880000000000003
409,0.007199999999999984,0.02100000000000002
410,-0.0017999999999999683,0.0015999999999999348
411,0.005599999999999994,-0.010699999999999932
412,-0.0026000000000000467,-0.006900000000000017
413,-0.0021999999999999797,-0.011700000000000044
414,0.0019000000000000128,-0.005299999999999971
415,-0.0008000000000000229,0.0028000000000000247
416,-0.0025000000000000022,-0.0034000000000000696
417,-0.0005999999999999894,0.022500000000000075
418,0.005900000000000016,0.0020999999999999908
419,0.0007999999999999674,-9.999999999998899e-05
420,0.0001000000000000445,-0.0019000000000000128
421,-0.0024000000000000132,-0.018500000000000072
422,-0.004599999999999993,-0.0010999999999999899
423,0.0,-0.0012999999999999678
424,-9.999999999998899e-05,-0.00539999999999996
425,9.999999999998899e-05,0.00029999999999996696
426,-0.0015000000000000013,0.012199999999999989
427,0.022699999999999998,-0.0016000000000000458
428,-0.021699999999999997,-0.00979999999999992
429,-0.0028000000000000247,0.02059999999999995
430,-9.999999999998899e-05,-0.0036999999999999256
431,0.005599999999999994,0.0032999999999999696
432,-0.0010999999999999899,-0.0030999999999999917
433,0.00030000000000002247,-0.008400000000000074
434,-0.004500000000000004,0.0035000000000000586
435,-0.00040000000000001146,-0.0041999999999999815
436,-0.0007000000000000339,0.0030000000000000027
437,-0.00019999999999997797,9.999999999998899e-05
438,0.0,0.006599999999999939
439,0.0,0.04849999999999999
440,0.00040000000000001146,0.07200000000000006
441,-0.0005000000000000004,-0.009000000000000008
442,0.0,-0.0017000000000000348
443,0.0,0.0026000000000000467
444,0.0005000000000000004,0.016599999999999948
445,0.005400000000000016,-0.01100000000000001
446,0.0,-0.012899999999999912
447,0.0004999999999999449,-0.0006000000000000449
448,-0.00019999999999997797,-0.0020000000000000018
449,9.999999999998899e-05,-0.02200000000000002
450,-0.00019999999999997797,0.017000000000000015
451,-0.0008000000000000229,0.016700000000000048
452,-0.002599999999999991,-0.005700000000000038
453,-0.0005999999999999894,-0.014100000000000001
454,-0.00019999999999997797,0.0011999999999999789
455,-0.0001000000000000445,-0.00869999999999993
456,0.0,-0.0024000000000000687
457,0.0009000000000000119,-0.0020999999999999908
458,-0.0030000000000000027,-0.0039000000000000146
459,-0.004500000000000004,-0.009000000000000008
460,0.0023000000000000242,-0.0037999999999999146
461,0.0030000000000000027,0.011099999999999999
462,-0.0019000000000000128,-0.0033000000000000806
463,-0.0016999999999999793,-0.0009000000000000119
464,-0.0015000000000000013,0.0048000000000000265
465,-0.002599999999999991,-0.020199999999999996
466,-0.0013000000000000234,-0.01969999999999994
467,-0.006500000000000006,-0.02300000000000002
468,-0.0012999999999999956,-0.0025000000000000577
469,-0.0025000000000000022,0.0024000000000000687
470,0.0,0.006099999999999994
471,0.0005000000000000004,-0.0027000000000000357
472,0.00789999999999999,-0.01629999999999998
473,-0.0020000000000000018,0.00039999999999995595
474,-0.0068000000000000005,-0.006900000000000017
475,-0.009799999999999975,-0.01189999999999991
476,-0.008000000000000007,0.00039999999999995595
477,0.010499999999999982,0.0050000000000000044
478,-0.0015000000000000013,-0.0015000000000000568
479,-0.001999999999999974,0.01100000000000001
480,0.0069999999999999785,0.030500000000000083
481,0.003400000000000014,0.00649999999999995
482,-0.0040000000000000036,-0.005499999999999949
483,-0.003599999999999992,-0.006000000000000005
484,0.0,0.025999999999999912
485,0.00019999999999997797,0.007000000000000006
486,0.0005000000000000004,0.008500000000000063
487,-0.0003999999999999837,-0.0008000000000000229
488,-0.00010000000000001674,-0.014700000000000046
489,0.0,-0.008799999999999919
490,0.00010000000000001674,-0.0011999999999999789
491,0.0,-0.010500000000000065
492,-0.0002999999999999947,-0.0024999999999999467
493,9.999999999998899e-05,0.008499999999999952
494,0.0,-0.0006000000000000449
495,0.0005999999999999894,0.021100000000000008
496,0.0,-0.0031999999999999806
497,-0.0005999999999999894,-0.015199999999999991
498,-0.0010999999999999899,-0.009599999999999942
499,-0.0031000000000000194,-0.006200000000000094
500,-0.01629999999999998,-0.031099999999999905
501,-0.0067000000000000115,-0.011800000000000033
502,0.0011000000000000176,0.0
503,-0.00030000000000002247,-0.006099999999999994
504,-0.0015999999999999903,-0.003500000000000003
505,-0.0040000000000000036,-0.013300000000000034
506,0.0,0.01150000000000001
507,-0.004899999999999988,0.0025000000000000022
508,-0.0030000000000000027,-0.011199999999999988
509,-0.00010000000000001674,-0.005699999999999983
510,-0.0068000000000000005,0.0006999999999999784
511,-0.0020999999999999908,-0.0040000000000000036
512,0.013000000000000012,-0.0017999999999999683
513,0.0005000000000000004,0.013399999999999967
514,0.00899999999999998,0.0008000000000000229
515,-0.0006999999999999784,-0.005200000000000038
516,-0.0013000000000000234,-0.0033999999999999586
517,-0.00789999999999999,-0.007599999999999996
518,-0.004799999999999999,0.003999999999999948
519,0.0,-0.03699999999999998
520,-0.009300000000000003,-0.007500000000000007
521,-0.0010999999999999899,-0.005599999999999994
522,0.0,-0.018000000000000016
523,0.0,-0.012199999999999989
524,-0.0121,0.06730000000000003
525,0.0267,-0.007000000000000006
526,-0.0015000000000000013,0.04999999999999999
527,-0.0020000000000000018,-0.005199999999999982
528,0.0,-0.0018000000000000238
529,0.0,-0.013000000000000012
530,0.0,0.006800000000000028
531,0.0325,0.009599999999999997
532,0.0010000000000000009,-0.00040000000000001146
533,-0.010099999999999998,0.016700000000000048
534,0.0,-0.009000000000000008
535,0.00839999999999999,-0.014200000000000046
536,0.003700000000000009,-0.0040000000000000036
537,0.003599999999999992,0.01930000000000004
538,-0.0020999999999999908,0.005099999999999993
539,0.0,-0.009199999999999986
540,0.00269999999999998,-0.005700000000000038
541,0.0012999999999999956,0.017800000000000038
542,-0.0005000000000000004,-0.012800000000000034
543,-0.004499999999999976,0.009000000000000008
544,0.0,-0.0035000000000000586
545,0.0,-0.0036999999999999256
546,-0.005600000000000022,-0.01990000000000003
547,-0.010999999999999982,0.0030999999999999917
548,-0.005900000000000016,-0.0040000000000000036
549,0.0,-0.006000000000000005
550,0.0049000000000000155,-0.0023999999999999577
551,0.004399999999999987,0.00039999999999995595
552,-0.006099999999999994,0.0019000000000000128
553,-0.0019000000000000128,0.0040000000000000036
554,0.0,0.015100000000000002
555,0.015500000000000014,-0.00040000000000001146
556,-0.0005000000000000004,-0.0021999999999999797
557,-0.0007000000000000062,-0.006400000000000017
558,0.0029000000000000137,0.0030000000000000027
559,-0.001799999999999996,0.0020000000000000018
560,-0.002700000000000008,-0.0040000000000000036
561,-0.0007000000000000062,-0.0019000000000000128
562,-0.001799999999999996,-0.0010999999999999899
563,-0.001700000000000007,0.0010000000000000009
564,-0.0007000000000000062,0.0005000000000000004
565,-0.006699999999999984,-0.004500000000000004
566,-0.0012000000000000066,-0.007199999999999984
567,-0.0003999999999999837,-0.0013000000000000234
568,-0.0020000000000000018,0.0024000000000000132
569,0.0015999999999999903,0.0020999999999999908
570,0.0022000000000000075,0.0024000000000000132
571,-0.00010000000000001674,-0.0010999999999999899
572,-0.00020000000000000573,-0.005099999999999993
573,0.00030000000000002247,0.012799999999999978
574,9.999999999998899e-05,0.005900000000000016
575,-0.0014000000000000123,-9.999999999998899e-05
576,0.015200000000000019,0.010199999999999987
577,-0.006400000000000017,0.0020000000000000018
578,-0.0040999999999999925,-0.0008000000000000229
579,-0.001700000000000007,-0.00029999999999996696
580,0.004500000000000004,0.0029000000000000137
581,-0.004500000000000004,-0.005800000000000027
582,0.0031000000000000194,0.0010000000000000009
583,-0.00020000000000000573,-0.002599999999999991
584,0.0007999999999999952,0.017600000000000005
585,0.0049000000000000155,0.030100000000000016
586,0.0030999999999999917,0.005699999999999927
587,-0.00040000000000001146,-0.0047999999999999154
588,0.0,0.0030000000000000027
589,0.0009000000000000119,0.017999999999999905
590,0.003500000000000003,0.0030000000000000027
591,0.007699999999999985,0.009000000000000008
592,-0.007599999999999996,0.005800000000000027
593,0.0,0.032299999999999995
594,0.0,-0.012699999999999934
595,0.009000000000000008,0.0005999999999999339
596,0.00020000000000000573,0.0046000000000000485
597,0.001899999999999985,-0.0027000000000000357
598,0.0002999999999999947,-0.0032999999999999696
599,0.0,-0.013600000000000056
600,-0.0020999999999999908,-0.010000000000000009
601,-0.00020000000000000573,0.0050000000000000044
602,0.0006000000000000172,0.010000000000000009
603,-0.00030000000000002247,-0.0030000000000000027
604,-0.00019999999999997797,0.0018000000000000238
605,0.009099999999999997,0.015900000000000025
606,0.005299999999999971,0.0048000000000000265
607,-9.999999999998899e-05,-0.006800000000000028
608,0.0040000000000000036,0.006800000000000028
609,-0.005900000000000016,-0.00990000000000002
610,-0.00789999999999999,-0.017000000000000015
611,0.0058,-0.0028000000000000247
612,-0.001899999999999985,0.0011999999999999789
613,-0.006099999999999994,-0.00649999999999995
614,0.006000000000000005,0.0004999999999999449
615,-0.0014000000000000123,-0.0010000000000000009
616,-0.0010999999999999899,-0.0033999999999999586
617,0.0003999999999999837,-0.0016000000000000458
618,-0.0003999999999999837,0.01540000000000008
619,9.999999999998899e-05,0.00039999999999995595
620,0.0010000000000000009,-0.0028000000000000247
621,0.00020000000000000573,-0.0030000000000000027
622,0.0,-0.00759999999999994
623,0.0,0.009399999999999964
624,0.0,-0.0004999999999999449
625,0.003899999999999987,0.0030000000000000027
626,0.0,-0.005400000000000071
627,0.0,-0.0030000000000000027
628,-0.002799999999999997,-0.010099999999999998
629,-0.003899999999999987,-0.0010000000000000009
630,-0.0012000000000000066,-0.0028000000000000247
631,-0.0010999999999999899,0.007600000000000051
632,0.0,-0.00770000000000004
633,0.0,-0.0013999999999999568
634,0.0,-0.0022999999999999687
635,0.0,-0.0033000000000000806
636,0.0,-0.0028999999999999027
637,-0.00020000000000000573,0.006999999999999895
638,-0.002700000000000008,0.009300000000000086
639,9.999999999998899e-05,0.0006999999999999229
640,0.00020000000000000573,-0.0004999999999999449
641,-0.0002999999999999947,0.0021999999999999797
642,0.0,-0.012599999999999945
643,0.0,-0.0027000000000000357
644,0.0012000000000000066,0.0031999999999999806
645,0.0007000000000000062,0.011399999999999966
646,0.0,0.017100000000000004
647,-0.00020000000000000573,-0.007099999999999995
648,0.0,-0.0020000000000000018
649,-0.001600000000000018,0.0014000000000000679
650,-0.00019999999999997797,-0.0016000000000000458
651,0.00019999999999997797,-9.999999999998899e-05
652,-0.0002999999999999947,-0.0019000000000000128
653,0.0002999999999999947,-0.0010999999999999899
654,-0.0002999999999999947,-0.0027000000000000357
655,0.0,-0.0010000000000000009
656,-0.0005999999999999894,-0.0021999999999999797
657,-0.0024000000000000132,-0.008099999999999996
658,0.00020000000000000573,-0.010299999999999976
659,0.0019000000000000128,-0.007399999999999962
660,-0.007900000000000018,-0.0030999999999999917
661,0.00010000000000001674,0.0038999999999999035
662,-0.00010000000000001674,-0.0024999999999999467
663,-0.00019999999999997797,-0.0046000000000000485
664,-0.00010000000000001674,0.0043000000000000815
665,0.0,-0.0033000000000000806
666,0.00010000000000001674,0.0028000000000000247
667,0.0,-0.0004999999999999449
668,-0.00010000000000001674,-0.006300000000000083
669,0.00010000000000001674,0.0023000000000000798
670,-0.00010000000000001674,-0.0024000000000000687
671,-0.0010999999999999899,-0.012799999999999923
672,-0.00940000000000002,-0.015900000000000025
673,0.0006000000000000172,-0.011200000000000043
674,0.0008999999999999841,0.0
675,-0.0010999999999999899,-0.007799999999999974
676,-0.0032000000000000084,0.01959999999999995
677,0.0031000000000000194,0.012500000000000067
678,0.0005999999999999894,-0.011900000000000022
679,-0.001799999999999996,-0.006199999999999983
680,-0.0022000000000000075,0.0020999999999999908
681,0.003599999999999992,0.006000000000000005
682,0.0,-0.0020000000000000018
683,0.00040000000000001146,0.0
684,0.0007999999999999952,0.007800000000000029
685,0.0012000000000000066,-0.000300000000000078
686,-0.00020000000000000573,-0.0040000000000000036
687,0.0,0.000500000000000056
688,0.0,-0.017800000000000038
689,-0.004599999999999993,-0.002899999999999958
690,-0.0014000000000000123,-0.006599999999999995
691,-0.0006999999999999784,-0.0018000000000000238
692,-0.0022000000000000075,0.007099999999999995
693,0.0,-0.0005999999999999894
694,0.0015999999999999903,0.0049000000000000155
695,-0.0015999999999999903,-0.0015000000000000013
696,-0.0010000000000000009,0.0041999999999999815
697,-0.001700000000000007,-0.0040000000000000036
698,0.0002999999999999947,0.00660000000000005
699,0.002700000000000008,0.0022999999999999687
700,-9.999999999998899e-05,0.0005999999999999339
701,9.999999999998899e-05,0.0020000000000000018
702,-9.999999999998899e-05,0.007099999999999995
703,9.999999999998899e-05,0.00010000000000010001
704,9.999999999998899e-05,-0.005700000000000038
705,-0.0012999999999999956,-0.0036000000000000476
706,-0.0002999999999999947,0.010600000000000054
707,9.999999999998899e-05,0.0
708,0.0032000000000000084,0.013000000000000012
709,0.0020000000000000018,0.0032999999999999696
710,0.0,0.0007000000000000339
711,0.0002999999999999947,-0.0040000000000000036
712,0.0019000000000000128,0.01200000000000001
713,0.0,0.0015999999999999348
714,0.001899999999999985,0.009400000000000075
715,0.007700000000000012,-0.0010000000000000009
716,0.0005999999999999894,0.0050000000000000044
717,0.00030000000000002247,-0.006500000000000061
718,-0.00020000000000000573,-0.0027000000000000357
719,-0.001799999999999996,-0.008000000000000007
720,-0.0009000000000000119,0.0018000000000000238
721,0.0030999999999999917,0.00040000000000006697
722,-0.00019999999999997797,-0.0040000000000000036
723,0.00019999999999997797,0.0006999999999999229
724,-9.999999999998899e-05,0.0032000000000000917
725,-9.999999999998899e-05,0.00029999999999996696
726,-0.0028000000000000247,-0.0022999999999999687
727,0.0015000000000000013,0.005499999999999949
728,-0.006499999999999978,-0.0013999999999999568
729,-0.00010000000000001674,-0.0012000000000000899
730,0.00010000000000001674,0.0008000000000000229
731,0.007499999999999979,0.0008000000000000229
732,-0.0005999999999999894,-0.0014999999999999458
733,-0.0032999999999999974,-0.014100000000000001
734,0.0008999999999999841,-0.0018000000000000238
735,-0.003699999999999981,-0.010199999999999987
736,0.012199999999999989,0.007699999999999929
737,-0.010199999999999987,-0.0031999999999999806
738,0.0010999999999999899,0.0045000000000000595
739,-0.0025000000000000022,-0.0039000000000000146
740,-0.0020999999999999908,9.999999999998899e-05
741,0.0,0.013599999999999945
742,0.00020000000000000573,-0.0025999999999999357
743,-0.00020000000000000573,-0.010299999999999976
744,0.0,-0.000200000000000089
745,0.0,-0.0005999999999999339
746,0.0,-0.0017000000000000348
747,0.0,-0.00029999999999996696
748,0.0,-0.00019999999999997797
749,0.0,0.022299999999999986
750,0.0,-0.0050000000000000044
751,0.0,0.0016999999999999238
752,0.00020000000000000573,-0.0036999999999999256
753,-0.00020000000000000573,-0.0010000000000000009
754,0.008500000000000008,0.014000000000000012
755,-0.0008000000000000229,0.0010000000000000009
756,-0.005099999999999993,0.0024999999999999467
757,0.0063,-0.0014999999999999458
758,-0.00020000000000000573,-0.0010999999999999899
759,-0.00019999999999997797,-0.00040000000000006697
760,-0.0010000000000000009,0.000500000000000056
761,-0.0018000000000000238,-0.0030999999999999917
762,-0.0006999999999999784,0.0022999999999999687
763,-0.0011000000000000176,-0.0022999999999999687
764,0.0010000000000000009,-0.0052000000000000934
765,0.0011000000000000176,0.0013000000000000789
766,0.0032999999999999974,0.028999999999999915
767,-0.00030000000000002247,-0.00979999999999992
768,0.0039000000000000146,0.005799999999999916
769,-0.00040000000000001146,-0.007199999999999984
770,0.00040000000000001146,-0.0007999999999999119
771,-0.0040000000000000036,0.0030000000000000027
772,0.003599999999999992,0.005999999999999894
773,-0.0006999999999999784,0.0010000000000000009
774,0.007199999999999984,0.0
775,0.0007999999999999952,-0.007499999999999951
776,0.0007000000000000062,0.000500000000000056
777,-0.0015999999999999903,-0.00010000000000010001
778,0.0008999999999999841,-0.0040000000000000036
779,0.00010000000000001674,-0.007299999999999973
780,-0.003700000000000009,-0.006599999999999939
781,-9.999999999998899e-05,0.0
782,-0.007700000000000012,0.0012999999999999678
783,0.0040000000000000036,-0.00019999999999997797
784,9.999999999998899e-05,0.006900000000000017
785,-9.999999999998899e-05,0.0
786,-0.00020000000000000573,0.0034999999999999476
787,-9.999999999998899e-05,-0.0010999999999999899
788,0.0003999999999999837,0.0047000000000000375
789,0.0,-0.011300000000000088
790,-0.0003999999999999837,0.0042000000000000925
791,0.0003999999999999837,-0.016000000000000014
792,0.00030000000000002247,0.0
793,-0.00010000000000001674,-0.0010999999999999899
794,0.00010000000000001674,-0.0019000000000000128
795,-0.00020000000000000573,0.0020000000000000018
796,0.0,-0.0046000000000000485
797,0.0,-0.0033999999999999586
798,0.00789999999999999,-0.0009000000000000119
799,-0.0020999999999999908,-0.0037000000000000366
800,-0.003500000000000003,9.999999999998899e-05
801,0.0005000000000000004,0.0035000000000000586
802,-0.00010000000000001674,-0.0020000000000000018
803,0.0025000000000000022,0.0030000000000000027
804,0.00040000000000001146,-0.0040000000000000036
805,-0.0005000000000000004,0.0037000000000000366
806,-0.0025000000000000022,0.00029999999999996696
807,0.0,-0.0030999999999999917
808,0.0,-0.00040000000000006697
809,9.999999999998899e-05,0.0025000000000000577
810,0.005500000000000005,0.016000000000000014
811,-0.0005999999999999894,0.0040000000000000036
812,0.0,0.0011999999999999789
813,0.0,0.0034999999999999476
814,9.999999999998899e-05,-0.0037999999999999146
815,-9.999999999998899e-05,0.0020000000000000018
816,0.0,-0.009500000000000064
817,9.999999999998899e-05,0.0020999999999999908
818,0.004500000000000004,0.014700000000000046
819,0.0032000000000000084,9.999999999998899e-05
820,0.0003999999999999837,-0.0006000000000000449
821,-0.0011999999999999789,-0.0018000000000000238
822,0.005799999999999972,0.0025000000000000577
823,-0.0010000000000000009,-0.000500000000000056
824,-0.00019999999999997797,-0.0028999999999999027
825,-0.0024000000000000132,-0.00010000000000010001
826,-0.001999999999999974,0.007300000000000084
827,-0.0009000000000000119,-0.0011999999999999789
828,0.0,-0.007200000000000095
829,0.0040999999999999925,0.0
830,-0.0005000000000000004,0.0
831,-0.0002999999999999947,-0.0025999999999999357
832,-0.0007000000000000062,-0.0022999999999999687
833,0.0007000000000000062,9.999999999998899e-05
834,-0.0007999999999999952,0.0010000000000000009
835,-0.006400000000000017,-0.006000000000000005
836,-0.0010000000000000009,-9.999999999998899e-05
837,-0.0010999999999999899,-0.0020000000000000018
838,0.001799999999999996,0.0036999999999999256
839,0.0,0.053300000000000014
840,-0.001899999999999985,0.011800000000000033
841,0.0,0.008000000000000007
842,0.0,-0.01200000000000001
843,0.0002999999999999947,-0.009800000000000031
844,-0.0002999999999999947,0.0040999999999999925
845,0.0,-0.0011999999999999789
846,0.0002999999999999947,0.000500000000000056
847,0.0,0.0006999999999999229
848,-0.0012000000000000066,0.013299999999999979
849,-0.0002999999999999947,-0.0050000000000000044
850,-9.999999999998899e-05,-0.005299999999999971
851,-0.0029000000000000137,-0.035599999999999965
852,-0.003700000000000009,0.009000000000000008
853,-0.0022999999999999965,-0.014800000000000035
854,-0.0013999999999999846,0.014000000000000012
855,0.0012999999999999956,0.007199999999999984
856,9.999999999998899e-05,-0.0048000000000000265
857,-0.00020000000000000573,-0.0037999999999999146
858,0.00020000000000000573,0.0038999999999999035
859,0.002700000000000008,0.01430000000000009
860,0.002700000000000008,0.005599999999999938
861,-0.001600000000000018,-0.0029000000000000137
862,0.0,9.999999999998899e-05
863,-0.0006999999999999784,0.0045000000000000595
864,-0.0005000000000000004,0.005099999999999993
865,0.0,-0.007600000000000051
866,0.0,-0.006299999999999972
867,9.999999999998899e-05,9.999999999998899e-05
868,0.005099999999999993,-0.0010000000000000009
869,0.00020000000000000573,0.0013000000000000789
870,0.0,-0.0013000000000000789
871,0.0,-0.0020999999999999908
872,0.0,9.999999999998899e-05
873,0.00040000000000001146,0.010000000000000009
874,-0.00020000000000000573,0.0028000000000000247
875,0.0,-0.00029999999999996696
876,0.0,-0.0038000000000000256
877,0.0013999999999999846,-0.00019999999999997797
878,-0.0002999999999999947,0.014499999999999957
879,0.00010000000000001674,0.0050000000000000044
880,0.00019999999999997797,0.0039000000000000146
881,0.0,0.032399999999999984
882,0.0,-0.009299999999999975
883,0.0011000000000000176,0.0038000000000000256
884,0.0,-0.005800000000000027
885,-0.00010000000000001674,-0.0045000000000000595
886,-9.999999999998899e-05,0.0034000000000000696
887,0.0,0.0006999999999999229
888,0.0,-0.0040999999999999925
889,0.0,-0.008499999999999952
890,0.0,0.0
891,-9.999999999998899e-05,-0.0022999999999999687
892,-0.0008000000000000229,0.010299999999999976
893,-0.00019999999999997797,-0.000500000000000056
894,0.0,-0.011499999999999955
895,0.0,0.0030000000000000027
896,0.0,0.007800000000000029
897,0.00019999999999997797,-0.005300000000000082
898,-0.0005000000000000004,-0.005499999999999949
899,-0.0020000000000000018,-0.0050000000000000044
900,0.0,0.006199999999999983
901,-0.0005000000000000004,0.0020999999999999908
902,-0.0002999999999999947,0.0007000000000000339
903,0.0,0.00029999999999996696
904,0.00020000000000000573,-0.0006999999999999229
905,0.0,-0.008000000000000007
906,-0.0007999999999999952,-0.0026000000000000467
907,0.0015000000000000013,-0.0014999999999999458
908,0.0012000000000000066,-0.00550000000000006
909,-0.00020000000000000573,-0.007499999999999951
910,0.0,0.007399999999999962
911,0.0013999999999999846,-0.00019999999999997797
912,-0.00019999999999997797,0.0021999999999999797
913,0.0,-0.00539999999999996
914,0.005499999999999977,-0.0023000000000000798
915,0.0065000000000000335,0.0038000000000000256
916,9.999999999998899e-05,-0.0010000000000000009
917,-0.0023000000000000242,0.012900000000000023
918,0.0,0.00019999999999997797
919,0.0,-0.0009000000000000119
920,0.0,0.006300000000000083
921,0.00030000000000002247,-0.000500000000000056
922,-0.00030000000000002247,0.00039999999999995595
923,-9.999999999998899e-05,-0.008799999999999919
924,9.999999999998899e-05,-0.0006000000000000449
925,0.0,0.009199999999999986
926,0.00010000000000001674,-0.0016999999999999238
927,-0.0022999999999999965,-0.0027000000000000357
928,-0.0010000000000000009,0.0024999999999999467
929,0.0,-0.009699999999999931
930,-0.00020000000000000573,-0.0025000000000000577
931,-0.0005000000000000004,-0.006099999999999994
932,-0.0022999999999999965,-0.009699999999999931
933,-0.0024000000000000132,-0.015300000000000091
934,0.0,0.011800000000000033
935,-0.0002999999999999947,-0.0008000000000000229
936,-0.001899999999999985,0.0008000000000000229
937,0.022199999999999998,-0.005599999999999938
938,-0.024900000000000005,-0.0043000000000000815
939,0.0,-0.0012999999999999678
940,9.999999999998899e-05,0.0012999999999999678
941,-0.0013999999999999846,-0.0031999999999999806
942,0.0,-0.0024999999999999467
943,0.0,0.006799999999999917
944,0.0,0.0
945,0.0,-0.0034999999999999476
946,0.0,0.005499999999999949
947,0.0,0.0
948,0.003599999999999992,-0.0006999999999999229
949,9.999999999998899e-05,-0.0015000000000000568
950,-0.0032999999999999974,-0.029799999999999938
951,-0.001899999999999985,0.0026999999999999247
952,-0.004799999999999999,0.0019000000000000128
953,0.012499999999999983,-0.00019999999999997797
954,-0.010699999999999987,-0.009800000000000031
955,-0.0019000000000000128,0.0033000000000000806
956,-9.999999999998899e-05,-0.006000000000000005
957,-9.999999999998899e-05,-0.015100000000000002
958,0.0,0.005099999999999993
959,9.999999999998899e-05,0.006199999999999983
960,0.0,0.0048000000000000265
961,0.0,9.999999999998899e-05
962,9.999999999998899e-05,0.006900000000000017
963,0.00030000000000002247,0.0010999999999999899
964,-0.0005000000000000004,0.0027999999999999137
965,9.999999999998899e-05,0.000200000000000089
966,-9.999999999998899e-05,-0.0047000000000000375
967,0.0007999999999999952,0.014699999999999935
968,-0.00040000000000001146,0.005700000000000038
969,0.0,-0.0010000000000000009
970,-0.0025000000000000022,-0.007699999999999929
971,0.0025000000000000022,-0.006400000000000072
972,-0.0002999999999999947,0.007400000000000073
973,0.0002999999999999947,0.0
974,0.00020000000000000573,0.0009999999999998899
975,0.00020000000000000573,0.000200000000000089
976,-0.0005000000000000004,-0.0041999999999999815
977,9.999999999998899e-05,-0.010300000000000087
978,-9.999999999998899e-05,-0.01649999999999996
979,9.999999999998899e-05,-0.0021999999999999797
980,-9.999999999998899e-05,0.00869999999999993
981,-0.0050000000000000044,-0.0041999999999999815
982,-0.0050000000000000044,0.005400000000000071
983,0.0,-0.0039000000000000146
984,-9.999999999998899e-05,0.0014999999999999458
985,0.006699999999999984,0.011900000000000022
986,0.0012000000000000066,0.0006000000000000449
987,0.0,-0.0020000000000000018
988,-0.0007000000000000062,-0.0045000000000000595
989,0.0007999999999999952,0.00550000000000006
990,-0.0011999999999999789,0.0
991,-0.004200000000000009,-0.0010999999999999899
992,0.0,-0.0010000000000000009
993,0.0,-0.0026000000000000467
994,-9.999999999998899e-05,0.0016000000000000458
995,-0.00030000000000002247,-0.008400000000000074
996,-9.999999999998899e-05,-0.010099999999999998
997,-0.0015000000000000013,0.0019000000000000128
998,9.999999999998899e-05,-0.0012999999999999678
999,-0.0003999999999999837,0.006900000000000017
1000,9.999999999998899e-05,0.00029999999999996696
1001,0.0022000000000000075,0.0037000000000000366
1002,-0.0007999999999999952,0.008599999999999941
1003,9.999999999998899e-05,-0.0025999999999999357
1004,0.002700000000000008,0.012199999999999989
1005,0.002700000000000008,0.0027999999999999137
1006,-0.00030000000000002247,-0.0028999999999999027
1007,0.0015000000000000013,0.0030000000000000027
1008,-0.0005999999999999894,0.008099999999999996
1009,-0.0029000000000000137,-0.000500000000000056
1010,-0.0003999999999999837,-0.0046000000000000485
1011,-0.0029000000000000137,-0.0029999999999998916
1012,-0.00019999999999997797,-0.000500000000000056
1013,-0.0029000000000000137,-0.005499999999999949
1014,0.0022000000000000075,-0.0025000000000000577
1015,-0.0007000000000000062,0.0
1016,0.0015000000000000013,-0.006199999999999983
1017,9.999999999998899e-05,0.010700000000000043
1018,0.0,-0.0016000000000000458
1019,0.0,-0.00039999999999995595
1020,0.0,-0.000200000000000089
1021,0.00010000000000001674,0.0022000000000000908
1022,0.0003999999999999837,0.0020000000000000018
1023,-0.0003999999999999837,0.0030000000000000027
1024,0.00020000000000000573,-0.000200000000000089
1025,0.00019999999999997797,0.0024000000000000687
1026,0.00020000000000000573,0.0
1027,0.00010000000000001674,-0.007900000000000018
1028,9.999999999998899e-05,0.0018000000000000238
1029,-9.999999999998899e-05,-9.999999999998899e-05
1030,0.0,-0.009200000000000097
1031,0.0003999999999999837,0.0012000000000000899
1032,-0.0003999999999999837,-0.010200000000000098
1033,0.0,-0.0036999999999999256
1034,0.0003999999999999837,-0.013299999999999979
1035,0.004500000000000004,0.005699999999999927
1036,-0.0010999999999999899,0.0008000000000000229
1037,-0.004799999999999999,-0.0014999999999999458
1038,-0.0049000000000000155,-0.0020999999999999908
1039,0.003599999999999992,-0.01880000000000004
1040,0.0006000000000000172,0.006000000000000005
1041,-0.0006000000000000172,0.012199999999999989
1042,-0.0005000000000000004,-0.0006000000000000449
1043,-0.0016999999999999793,-0.0033999999999999586
1044,0.0015000000000000013,-0.0025000000000000577
1045,-0.0008000000000000229,0.0009000000000000119
1046,-0.00019999999999997797,-0.0022999999999999687
1047,-0.00520000000000001,-0.008199999999999985
1048,-0.0007000000000000062,0.0020000000000000018
1049,-0.0010000000000000009,-9.999999999998899e-05
1050,-0.00019999999999997797,-0.0017000000000000348
1051,0.007199999999999984,-0.0028000000000000247
1052,-9.999999999998899e-05,-0.0013999999999999568
1053,0.00949999999999998,0.0016000000000000458
1054,0.00010000000000001674,0.0043999999999999595
1055,-0.008599999999999997,0.0039000000000000146
1056,-0.003700000000000009,-0.0013000000000000789
1057,0.0012000000000000066,-0.0010999999999999899
1058,-0.0007999999999999952,0.0018000000000000238
1059,-0.0029000000000000137,-0.00029999999999996696
1060,0.0007000000000000062,-0.0010999999999999899
1061,-0.00020000000000000573,-0.0025000000000000577
1062,0.004500000000000004,0.02960000000000007
1063,0.0012000000000000066,0.01200000000000001
1064,-0.0032000000000000084,-0.01100000000000001
1065,-0.0007000000000000062,-0.00040000000000006697
1066,0.00010000000000001674,-0.0005999999999999339
1067,-0.0015000000000000013,-0.0015000000000000568
1068,0.0003999999999999837,-0.0020000000000000018
1069,-0.00020000000000000573,0.0014000000000000679
1070,-0.0005999999999999894,0.0
1071,0.0010999999999999899,-0.0009000000000000119
1072,0.00030000000000002247,0.0013999999999999568
1073,-0.0011000000000000176,-0.00029999999999996696
1074,-0.001700000000000007,-0.0007000000000000339
1075,-0.0010999999999999899,-0.0017000000000000348
1076,0.00040000000000001146,-0.005699999999999927
1077,0.0023999999999999855,0.006000000000000005
1078,-0.0002999999999999947,-0.0041999999999999815
1079,0.0005999999999999894,-0.0052000000000000934
1080,-0.006599999999999995,-0.009699999999999931
1081,0.0,0.006699999999999928
1082,-0.0005999999999999894,-0.0038999999999999035
1083,-0.0020999999999999908,0.0011999999999999789
1084,-0.0015000000000000013,-0.0024000000000000687
1085,-0.0029000000000000137,-0.0044999999999999485
1086,-9.999999999998899e-05,-0.008600000000000052
1087,9.999999999998899e-05,0.011900000000000022
1088,-0.0010000000000000009,-0.014499999999999957
1089,0.0005999999999999894,-0.0018000000000000238
1090,0.006500000000000006,0.0020000000000000018
1091,0.001799999999999996,-0.006400000000000017
1092,-0.00269999999999998,-9.999999999998899e-05
1093,9.999999999998899e-05,0.009500000000000008
1094,-0.0007000000000000062,-0.0010000000000000009
1095,-0.0006999999999999784,-0.005599999999999994
1096,-0.00040000000000001146,-0.009500000000000008
1097,-0.002799999999999997,0.003300000000000025
1098,0.0013999999999999846,0.0011999999999999789
1099,-0.0003999999999999837,0.00040000000000001146
1100,-0.0006000000000000172,-0.0008000000000000229
1101,0.0018000000000000238,-0.007799999999999974
1102,0.004799999999999999,-0.011900000000000022
1103,0.0008999999999999841,0.0041999999999999815
1104,-0.0007999999999999952,-0.010799999999999976
1105,-0.0012999999999999956,-0.0019000000000000128
1106,-0.0022000000000000075,0.0
1107,-0.0023999999999999855,-0.010799999999999976
1108,-0.0020000000000000018,0.020899999999999974
1109,-0.0021000000000000185,-0.0126
1110,-0.0002999999999999947,0.007699999999999985
1111,0.0025000000000000022,-9.999999999998899e-05
1112,-0.0010000000000000009,-0.00040000000000001146
1113,0.0024000000000000132,-0.004599999999999993
1114,0.0005000000000000004,0.0
1115,0.0,-0.0007999999999999674
1116,0.008099999999999996,-0.006200000000000039
1117,0.00020000000000000573,0.0050000000000000044
1118,0.007699999999999985,-0.0031999999999999806
1119,0.003599999999999992,-0.0008000000000000229
1120,0.00010000000000001674,0.013600000000000001
1121,-0.0009000000000000119,-0.0032999999999999696
1122,0.00020000000000000573,0.007599999999999996
1123,-9.999999999998899e-05,0.005699999999999983
1124,-0.001700000000000007,0.0025000000000000022
1125,-0.0007000000000000062,0.004599999999999993
1126,-0.0008999999999999841,-0.003899999999999959
1127,0.00019999999999997797,-0.008400000000000019
1128,-0.004799999999999999,0.006500000000000006
1129,0.004799999999999999,0.0
1130,-0.0030999999999999917,-0.005800000000000027
1131,-0.0012000000000000066,0.005200000000000038
1132,0.0012999999999999956,0.0
1133,0.0,-0.004200000000000037
1134,0.0,-0.00019999999999997797
1135,-9.999999999998899e-05,-0.0011999999999999789
1136,-0.00020000000000000573,-0.00040000000000001146
1137,0.0032000000000000084,0.0010999999999999899
1138,0.0005000000000000004,0.0030000000000000027
1139,-0.00020000000000000573,-0.0014000000000000123
1140,9.999999999998899e-05,-0.003699999999999981
1141,-0.00019999999999997797,0.0041999999999999815
1142,0.0011999999999999789,-0.0015999999999999903
1143,0.002700000000000008,-0.0019000000000000128
1144,0.0,0.006099999999999994
1145,0.0,-0.005199999999999982
1146,-0.0010000000000000009,-0.006500000000000006
1147,-0.002899999999999986,9.999999999998899e-05
1148,-0.00040000000000001146,0.0005000000000000004
1149,-9.999999999998899e-05,-0.00029999999999996696
1150,0.00020000000000000573,-0.0001000000000000445
1151,0.0013999999999999846,0.007500000000000007
1152,0.0015999999999999903,0.0037000000000000366
1153,-9.999999999998899e-05,0.00029999999999996696
1154,-0.0020000000000000018,0.0015000000000000013
1155,0.0,0.004400000000000015
1156,0.002700000000000008,-0.0029000000000000137
1157,-0.003400000000000014,-0.0021999999999999797
1158,-0.0002999999999999947,-0.0008000000000000229
1159,0.00010000000000001674,-0.00029999999999996696
1160,-0.00020000000000000573,0.00039999999999995595
1161,-0.001799999999999996,0.003200000000000036
1162,0.00019999999999997797,0.00040000000000001146
1163,-9.999999999998899e-05,-0.00040000000000001146
1164,0.0,-0.0010000000000000009
1165,9.999999999998899e-05,-0.0018000000000000238
1166,0.0,-0.0015000000000000013
1167,-0.0007999999999999952,-0.010000000000000009
1168,0.0022999999999999965,-0.0025000000000000022
1169,-9.999999999998899e-05,-0.0044999999999999485
1170,-0.002700000000000008,0.0022999999999999687
1171,-9.999999999998899e-05,0.003599999999999992
1172,-0.003599999999999992,-0.006299999999999972
1173,0.0033999999999999864,0.00539999999999996
1174,9.999999999998899e-05,-0.005599999999999994
1175,-0.0016999999999999793,-0.0043999999999999595
1176,0.0,-0.005700000000000038
1177,-0.0029000000000000137,0.0047000000000000375
1178,0.00010000000000001674,-0.0039000000000000146
1179,-0.00010000000000001674,-0.010099999999999998
1180,0.002799999999999997,-0.006000000000000005
1181,0.0,-0.004699999999999982
1182,-0.0002999999999999947,0.0006999999999999784
1183,0.00040000000000001146,0.014000000000000012
1184,-0.0005000000000000004,-0.029299999999999993
1185,-0.0021000000000000185,0.020299999999999985
1186,0.0025000000000000022,-0.0040999999999999925
1187,-0.0022999999999999965,0.0010999999999999899
1188,0.0007000000000000062,-0.00019999999999997797
1189,-0.004799999999999999,-0.0018000000000000238
1190,0.004500000000000004,0.0031999999999999806
1191,0.0,0.00880000000000003
1192,0.0,-0.01100000000000001
1193,-0.0022999999999999965,0.0006999999999999784
1194,0.0010000000000000009,-0.0015999999999999903
1195,0.0008999999999999841,0.007400000000000018
1196,-0.0040000000000000036,-0.01419999999999999
1197,0.004400000000000015,-0.0013000000000000234
1198,0.003699999999999981,-0.008599999999999997
1199,-9.999999999998899e-05,0.0116
1200,-0.0005999999999999894,-0.0030000000000000027
1201,0.0,0.0005999999999999894
1202,-0.0022000000000000075,-0.003699999999999981
1203,-0.001799999999999996,0.0023000000000000242
1204,0.004399999999999987,-0.0046000000000000485
1205,-0.0030999999999999917,0.015200000000000047
1206,-0.0009000000000000119,0.0031999999999999806
1207,0.0058,0.007599999999999996
1208,-9.999999999998899e-05,-0.005099999999999993
1209,-0.002799999999999997,0.0005000000000000004
1210,9.999999999998899e-05,0.0
1211,0.0,-0.0038000000000000256
1212,-9.999999999998899e-05,0.0007000000000000339
1213,-0.0006000000000000172,0.0020000000000000018
1214,-0.0010999999999999899,0.009699999999999986
1215,0.0007000000000000062,0.01200000000000001
1216,0.0010999999999999899,0.011899999999999966
1217,-9.999999999998899e-05,0.00820000000000004
1218,0.0020000000000000018,0.0007999999999999674
1219,0.0007999999999999952,-0.015199999999999991
1220,0.0002999999999999947,-0.005500000000000005
1221,-0.00020000000000000573,-0.008099999999999996
1222,-0.00019999999999997797,-0.0006999999999999784
1223,-0.00030000000000002247,0.01899999999999996
1224,0.00010000000000001674,0.0010000000000000009
1225,0.0,-0.005099999999999993
1226,0.0003999999999999837,-0.0009000000000000119
1227,-0.0010999999999999899,-0.0005999999999999894
1228,0.0002999999999999947,-0.00269999999999998
1229,-0.0002999999999999947,-0.0011999999999999789
1230,-9.999999999998899e-05,0.007499999999999951
1231,-0.0011000000000000176,-0.0016999999999999793
1232,-0.0002999999999999947,-0.009799999999999975
1233,-9.999999999998899e-05,0.0005000000000000004
1234,0.0003999999999999837,-0.0015000000000000013
1235,0.0,-0.005300000000000027
1236,-0.0003999999999999837,-0.004599999999999993
1237,0.0,0.00040000000000001146
1238,0.0003999999999999837,-0.0020000000000000018
1239,-0.0003999999999999837,0.0040000000000000036
1240,-0.0006000000000000172,-0.0027000000000000357
1241,-0.0022999999999999965,-0.0022999999999999687
1242,-0.0007999999999999952,-0.0022000000000000353
1243,-9.999999999998899e-05,-0.017699999999999994
1244,-0.0015000000000000013,0.006900000000000017
1245,0.0020999999999999908,-9.999999999998899e-05
1246,9.999999999998899e-05,-0.0019000000000000128
1247,0.0006000000000000172,-0.0005000000000000004
1248,-0.00020000000000000573,-0.0015000000000000013
1249,-0.004599999999999993,-0.006099999999999994
1250,0.0010999999999999899,0.0010999999999999899
1251,0.0032999999999999974,0.0017000000000000348
1252,-0.0008999999999999841,0.0020999999999999908
1253,0.0005999999999999894,0.0030999999999999917
1254,0.00040000000000001146,0.011699999999999988
1255,0.0002999999999999947,0.0006999999999999784
1256,-0.00010000000000001674,0.0017000000000000348
1257,-0.0002999999999999947,-0.006300000000000028
1258,0.0015999999999999903,0.0009000000000000119
1259,-9.999999999998899e-05,0.0024000000000000132
1260,0.0,-0.009500000000000008
1261,0.05030000000000001,-0.0005999999999999894
1262,-0.011099999999999999,-0.00040000000000001146
1263,-0.007900000000000018,-0.0005999999999999894
1264,-0.01479999999999998,0.0011999999999999789
1265,0.010599999999999998,0.014500000000000013
1266,-0.0008000000000000229,-0.0005999999999999894
1267,-0.0031999999999999806,0.0030000000000000027
1268,0.0005000000000000004,0.006599999999999995
1269,-0.006099999999999994,0.0012999999999999678
1270,-0.0020000000000000018,-0.002899999999999958
1271,0.004499999999999976,0.004699999999999982
1272,-0.0005000000000000004,-0.00269999999999998
1273,-0.009299999999999975,-0.006000000000000005
1274,0.0,-0.0030000000000000027
1275,-0.0013000000000000234,0.004699999999999982
1276,0.0014000000000000123,-0.002799999999999969
1277,0.0009000000000000119,-0.0040000000000000036
1278,0.0,0.0040999999999999925
1279,0.0014999999999999736,0.0
1280,0.012400000000000022,0.0012999999999999678
1281,-0.001700000000000007,-0.0010999999999999899
1282,-0.0010000000000000009,-0.0031999999999999806
1283,-0.0030999999999999917,-0.0020999999999999908
1284,-0.0008000000000000229,-0.0009000000000000119
1285,0.006200000000000011,0.0049000000000000155
1286,-0.008300000000000002,-0.0016000000000000458
1287,0.0019000000000000128,0.0027000000000000357
1288,-0.0011000000000000176,-0.0005000000000000004
1289,-0.0022999999999999965,-0.0040000000000000036
1290,0.010399999999999993,0.0032999999999999696
1291,-0.005099999999999993,-0.0025000000000000022
1292,-0.00789999999999999,-0.005799999999999972
1293,0.0007000000000000062,0.0011999999999999789
1294,-0.0019000000000000128,0.00040000000000001146
1295,0.0,0.002599999999999991
1296,0.0,-0.0015000000000000013
1297,-0.0008999999999999841,-0.0018999999999999573
1298,0.0,0.0
1299,0.003599999999999992,0.0
1300,-0.00010000000000001674,0.0016999999999999793
1301,0.00010000000000001674,0.0007999999999999674
1302,-0.0005000000000000004,0.031200000000000006
1303,0.0,0.03200000000000003
1304,-0.0007000000000000062,-0.028000000000000025
1305,-0.00789999999999999,-0.02899999999999997
1306,0.006199999999999983,0.008500000000000008
1307,-0.0003999999999999837,0.006399999999999961
1308,0.0010000000000000009,0.005099999999999993
1309,-0.002700000000000008,0.006000000000000005
1310,-0.0007999999999999952,-0.006000000000000005
1311,-0.004299999999999998,-0.0014999999999999458
1312,0.00020000000000000573,-0.006300000000000028
1313,0.0011999999999999789,-0.0013000000000000234
1314,-0.0005999999999999894,0.0039000000000000146
1315,-0.0009000000000000119,0.0012000000000000344
1316,0.00030000000000002247,0.0007999999999999674
1317,-0.00030000000000002247,-0.004799999999999971
1318,-0.0011999999999999789,-0.021600000000000008
1319,0.002799999999999997,0.0040000000000000036
1320,0.007499999999999979,0.007599999999999996
1321,-0.0007999999999999952,-0.01200000000000001
1322,-0.00019999999999997797,0.0030999999999999917
1323,-0.00040000000000001146,0.0021999999999999797
1324,-0.0019000000000000128,0.0011000000000000454
1325,0.002600000000000019,0.007599999999999996
1326,-0.00010000000000001674,0.0022999999999999687
1327,0.0,0.0005000000000000004
1328,0.0,-9.999999999998899e-05
1329,0.0002999999999999947,0.0010000000000000009
1330,-0.0009999999999999731,0.0013000000000000234
1331,0.0,0.008699999999999986
1332,0.002999999999999975,-0.007699999999999985
1333,0.0,0.0030000000000000027
1334,0.00010000000000001674,-0.0011000000000000454
1335,-0.00020000000000000573,-0.0018999999999999573
1336,0.006099999999999994,-0.00020000000000003348
1337,-0.0012999999999999956,-0.0020000000000000018
1338,0.0015999999999999903,-0.004599999999999993
1339,0.0,-0.01419999999999999
1340,-0.0007999999999999952,0.004699999999999982
1341,0.0007999999999999952,0.0
1342,-0.004699999999999982,-0.003699999999999981
1343,0.0005000000000000004,-0.007400000000000018
1344,0.0021999999999999797,-0.0021999999999999797
1345,-0.0012999999999999956,-0.0005999999999999894
1346,-0.0013999999999999846,0.0010000000000000009
1347,-0.0010000000000000009,0.00379999999999997
1348,0.0020999999999999908,0.005099999999999993
1349,-0.00020000000000000573,-0.0020000000000000018
1350,0.0007000000000000062,-0.0022999999999999687
1351,-0.005299999999999999,0.0011999999999999789
1352,-9.999999999998899e-05,-0.0020999999999999908
1353,0.00799999999999998,-0.012500000000000011
1354,0.0005000000000000004,-0.0010000000000000009
1355,-0.0008999999999999841,0.0020000000000000018
1356,-0.00020000000000000573,0.0009000000000000119
1357,-0.0005999999999999894,0.00040000000000001146
1358,-0.00010000000000001674,-0.005900000000000016
1359,-0.0013999999999999846,-9.999999999998899e-05
1360,0.001899999999999985,-0.0029000000000000137
1361,0.0,0.0015999999999999903
1362,-0.0023999999999999855,0.0022000000000000353
1363,0.0005000000000000004,-0.0005000000000000004
1364,0.0,-0.0050000000000000044
1365,-0.0005000000000000004,-0.0012000000000000344
1366,0.00799999999999998,0.00940000000000002
1367,-0.00019999999999997797,-0.0042999999999999705
1368,-0.008800000000000002,-0.011200000000000043
1369,-0.002700000000000008,-0.006399999999999961
1370,0.0040999999999999925,0.005799999999999972
1371,0.021699999999999997,0.0038000000000000256
1372,-0.024599999999999983,-0.007599999999999996
1373,-0.004400000000000015,-0.004100000000000048
1374,-9.999999999998899e-05,-0.0025000000000000022
1375,9.999999999998899e-05,0.006700000000000039
1376,0.002799999999999997,0.0043999999999999595
1377,0.00020000000000000573,-0.00599999999999995
1378,-0.0016999999999999793,-0.005900000000000016
1379,-0.0006000000000000172,0.00040000000000001146
1380,0.0005000000000000004,-0.006599999999999995
1381,-0.0022000000000000075,-0.00930000000000003
1382,-0.00789999999999999,0.0009000000000000119
1383,0.007099999999999995,-0.006099999999999994
1384,-0.002799999999999997,-0.005900000000000016
1385,-9.999999999998899e-05,-0.004500000000000004
1386,-0.00010000000000001674,0.005500000000000005
1387,-0.0005000000000000004,-0.020399999999999974
1388,-0.0020000000000000018,0.01539999999999997
1389,-0.005199999999999982,-0.0030000000000000027
1390,-0.0010000000000000009,0.0010000000000000009
1391,0.0008999999999999841,0.020000000000000018
1392,0.0005000000000000004,-0.0030000000000000027
1393,-0.0002999999999999947,0.0005999999999999894
1394,-0.0020000000000000018,-0.0006999999999999784
1395,-9.999999999998899e-05,-0.0024000000000000132
1396,0.005599999999999994,-0.0040000000000000036
1397,0.0010999999999999899,-0.0020000000000000018
1398,0.0023000000000000242,0.009800000000000031
1399,0.0010999999999999899,0.018399999999999972
1400,0.0,-0.0006999999999999784
1401,0.00020000000000000573,-0.0021000000000000463
1402,0.0,0.00610000000000005
1403,-0.00010000000000001674,0.002799999999999969
1404,0.0,-0.007799999999999974
1405,0.00010000000000001674,-0.005099999999999993
1406,-0.00010000000000001674,-0.00770000000000004
1407,-0.00019999999999997797,-0.0006999999999999784
1408,-0.0005000000000000004,0.019799999999999984
1409,-0.003500000000000003,-0.005299999999999971
1410,-0.0010000000000000009,0.0042999999999999705
1411,-0.006500000000000006,0.005699999999999983
1412,0.0002999999999999947,0.0
1413,0.008599999999999997,-0.003999999999999948
1414,0.0029000000000000137,0.00379999999999997
1415,0.007300000000000001,-0.007799999999999974
1416,-0.00010000000000001674,-0.008000000000000007
1417,-0.003699999999999981,-0.0015000000000000013
1418,-0.001600000000000018,0.004500000000000004
1419,-0.0063,0.006000000000000005
1420,-0.001799999999999996,-0.003500000000000003
1421,-9.999999999998899e-05,-0.010099999999999998
1422,9.999999999998899e-05,0.0025000000000000022
1423,0.005700000000000011,0.0010999999999999899
1424,-0.0002999999999999947,-0.0024000000000000132
1425,-0.0022000000000000075,-0.0006999999999999784
1426,0.0,-0.007900000000000018
1427,-0.0011000000000000176,-9.999999999998899e-05
1428,-0.0006999999999999784,-0.0049000000000000155
1429,0.001799999999999996,-0.0020000000000000018
1430,-0.0005000000000000004,0.0019000000000000128
1431,-0.0012999999999999956,0.0
1432,-0.0015000000000000013,-0.0024000000000000132
1433,-0.0025000000000000022,-0.0025000000000000022
1434,0.0,0.0049000000000000155
1435,-0.00040000000000001146,0.019100000000000006
1436,-0.0002999999999999947,-0.03500000000000003
1437,-0.0015999999999999903,0.006000000000000005
1438,0.0005000000000000004,-0.0010000000000000009
1439,-0.0031000000000000194,-0.0010999999999999899
1440,0.0024000000000000132,0.002599999999999991
1441,0.0002999999999999947,0.004500000000000004
1442,0.0,0.0028000000000000247
1443,-0.003599999999999992,0.0031999999999999806
1444,-0.00040000000000001146,0.0020000000000000018
1445,0.0007999999999999952,0.016000000000000014
1446,0.00020000000000000573,-0.0010000000000000009
1447,0.0030999999999999917,0.0010000000000000009
1448,-0.0012999999999999956,0.024999999999999967
1449,0.014700000000000019,0.0030000000000000027
1450,0.0030999999999999917,0.0131
1451,0.0010999999999999899,-0.006099999999999994
1452,-0.003799999999999998,-0.0041999999999999815
1453,-0.0015999999999999903,0.0039000000000000146
1454,-0.0002999999999999947,0.00029999999999996696
1455,0.0032999999999999974,0.008900000000000019
1456,-0.0012999999999999956,-0.0009000000000000119
1457,-0.0030000000000000027,0.0005999999999999894
1458,0.00020000000000000573,-0.0016999999999999793
1459,-0.0014000000000000123,0.0020999999999999908
1460,9.999999999998899e-05,0.020899999999999974
1461,-0.0007999999999999952,0.03340000000000004
1462,0.008000000000000007,0.004699999999999982
1463,0.0002999999999999947,0.008900000000000019
1464,-0.00470000000000001,-0.016699999999999993
1465,-0.0008999999999999841,-0.004200000000000037
1466,-0.0005999999999999894,-0.0050000000000000044
1467,0.0014999999999999736,0.013000000000000012
1468,0.0008000000000000229,-0.013299999999999979
1469,-0.0058,-0.005300000000000027
1470,0.004799999999999999,-0.01050000000000001
1471,0.0008999999999999841,0.00040000000000001146
1472,-0.0010000000000000009,-0.0030999999999999917
1473,-0.0005000000000000004,-0.0028000000000000247
1474,-0.003599999999999992,-0.0033999999999999586
1475,-0.0007000000000000062,0.019999999999999962
1476,-0.0013999999999999846,0.0019000000000000128
1477,-0.001600000000000018,-0.01479999999999998
1478,0.0,-0.0020999999999999908
1479,0.0,-0.0011000000000000454
1480,0.00990000000000002,0.0021000000000000463
1481,0.0,-0.0039000000000000146
1482,0.0,-0.013600000000000001
1483,-0.013900000000000023,0.007000000000000006
1484,-0.0007999999999999952,0.0024000000000000132
1485,0.0020000000000000018,-0.00880000000000003
1486,-0.0002999999999999947,0.0015999999999999903
1487,-0.0002999999999999947,-0.010699999999999987
1488,0.0013999999999999846,0.0020000000000000018
1489,-0.0015999999999999903,0.0040000000000000036
1490,0.004200000000000009,-0.0020000000000000018
1491,-0.0002999999999999947,0.007400000000000018
1492,0.00019999999999997797,0.003500000000000003
1493,0.0,-0.0006000000000000449
1494,-0.0020000000000000018,0.005700000000000038
1495,-0.0010000000000000009,-0.0025000000000000022
1496,-0.001799999999999996,-0.003300000000000025
1497,0.0011000000000000176,0.0010999999999999899
1498,-0.0015000000000000013,0.0023000000000000242
1499,-0.0021000000000000185,-0.0005999999999999894
1500,0.0005000000000000004,0.0
1501,0.0011000000000000176,-0.0022000000000000353
1502,-0.0015000000000000013,-0.0017999999999999683
1503,0.0005000000000000004,-0.0005000000000000004
1504,-0.0006000000000000172,0.009500000000000008
1505,0.00040000000000001146,-0.0020000000000000018
1506,-9.999999999998899e-05,-0.0005000000000000004
1507,0.0005000000000000004,0.0005000000000000004
1508,0.0004999999999999727,0.0
1509,-0.005399999999999988,-0.013300000000000034
1510,0.0030999999999999917,0.00020000000000003348
1511,-9.999999999998899e-05,-0.006099999999999994
1512,-0.0012999999999999956,-0.0028000000000000247
1513,0.0,0.006800000000000028
1514,9.999999999998899e-05,-0.009000000000000008
1515,0.0012999999999999956,-0.009800000000000031
1516,0.0,0.0030000000000000027
1517,-0.0010999999999999899,-0.0005999999999999894
1518,0.0022999999999999965,0.004599999999999993
1519,0.00010000000000001674,-0.004400000000000015
1520,-0.0015000000000000013,-0.004599999999999993
1521,0.001799999999999996,0.0009000000000000119
1522,0.0,9.999999999998899e-05
1523,-0.0010000000000000009,-0.004599999999999993
1524,-0.00040000000000001146,-0.0015000000000000013
1525,-0.0002999999999999947,-0.0015000000000000013
1526,-0.0009000000000000119,-0.008500000000000008
1527,0.0014000000000000123,0.015100000000000002
1528,-0.0015999999999999903,0.013000000000000012
1529,0.0007999999999999952,-0.008500000000000008
1530,-0.00020000000000000573,-0.005500000000000005
1531,-0.001700000000000007,0.0024000000000000132
1532,-0.0008999999999999841,-0.002599999999999991
1533,-0.0006000000000000172,0.01369999999999999
1534,0.0007999999999999952,-0.0015000000000000013
1535,0.0006000000000000172,0.0
1536,-0.0007999999999999952,0.0040000000000000036
1537,-0.0009000000000000119,0.006000000000000005
1538,-0.0023999999999999855,-0.006500000000000006
1539,0.0020000000000000018,0.0
1540,9.999999999998899e-05,-0.0011999999999999789
1541,0.0013999999999999846,-0.0008000000000000229
1542,-0.0012999999999999956,-0.003500000000000003
1543,0.0,-0.0015000000000000013
1544,0.008000000000000007,0.0005000000000000004
1545,-0.0040999999999999925,-0.0049000000000000155
1546,-0.007200000000000012,-0.00019999999999997797
1547,-0.0002999999999999947,-0.0040000000000000036
1548,0.0,-0.0005999999999999894
1549,0.0,0.0016999999999999793
1550,0.0,0.007300000000000029
1551,0.0068999999999999895,0.004599999999999993
1552,-0.0040999999999999925,-0.003300000000000025
1553,0.003599999999999992,0.0024000000000000132
1554,-0.006699999999999984,-0.0020000000000000018
1555,0.00020000000000000573,-0.006699999999999984
1556,0.0031999999999999806,-0.0018000000000000238
1557,-0.0033999999999999864,-0.006699999999999984
1558,0.0,-0.004599999999999993
1559,0.0030999999999999917,-0.0018000000000000238
1560,0.00020000000000000573,0.0
1561,0.0022000000000000075,-0.0023999999999999577
1562,0.0,-0.0021000000000000463
1563,-0.00020000000000000573,0.006200000000000039
1564,9.999999999998899e-05,-0.0001000000000000445
1565,0.0,-0.0030999999999999917
1566,-0.00020000000000000573,-0.0020000000000000018
1567,0.00030000000000002247,-0.003699999999999981
1568,-0.0011000000000000176,-0.0021999999999999797
1569,-0.0005999999999999894,0.0
1570,-0.002599999999999991,0.0040000000000000036
1571,0.0,0.005799999999999972
1572,0.00269999999999998,0.003699999999999981
1573,-0.0010999999999999899,-0.0012999999999999678
1574,-0.0009000000000000119,0.002799999999999969
1575,0.002799999999999997,0.0019000000000000128
1576,-0.0016999999999999793,0.0010999999999999899
1577,0.0,-0.006399999999999961
1578,-0.001700000000000007,-0.0007000000000000339
1579,-9.999999999998899e-05,-0.005299999999999971
1580,0.0006999999999999784,-0.010199999999999987
1581,-9.999999999998899e-05,0.004599999999999993
1582,0.00520000000000001,0.0020000000000000018
1583,-0.00010000000000001674,-0.005900000000000016
1584,0.00010000000000001674,-0.003699999999999981
1585,0.0021999999999999797,0.0005999999999999894
1586,0.0,0.0030000000000000027
1587,0.007800000000000001,0.01599999999999996
1588,-9.999999999998899e-05,-0.00489999999999996
1589,-0.0009000000000000119,-0.003599999999999992
1590,-0.005299999999999999,0.004500000000000004
1591,-0.0010000000000000009,-0.0001000000000000445
1592,-0.0012999999999999956,-0.0016999999999999793
1593,-0.0012000000000000066,-0.0011999999999999789
1594,0.0014000000000000123,0.0
1595,0.0020999999999999908,-0.0025000000000000022
1596,0.0021000000000000185,-0.0013000000000000234
1597,-0.00030000000000002247,0.0013000000000000234
1598,0.00010000000000001674,-0.0019000000000000128
1599,-0.00010000000000001674,0.005400000000000016
1600,-0.0024999999999999745,-0.003100000000000047
1601,-0.0019000000000000128,-0.00029999999999996696
1602,0.003799999999999998,-0.0009000000000000119
1603,-0.006399999999999989,-0.0030000000000000027
1604,0.005499999999999977,-0.003699999999999981
1605,-0.0007999999999999952,0.0050000000000000044
1606,-0.0022999999999999965,0.0010000000000000009
1607,-0.0012000000000000066,-0.003200000000000036
1608,0.00030000000000002247,0.0
1609,-0.0014000000000000123,0.0008000000000000229
1610,0.0012999999999999956,0.006199999999999983
1611,-0.00020000000000000573,-0.0017999999999999683
1612,-0.0010000000000000009,0.0017999999999999683
1613,0.0008000000000000229,0.007199999999999984
1614,0.0002999999999999947,0.006000000000000005
1615,0.0010999999999999899,-0.0050000000000000044
1616,0.0014000000000000123,-0.0012999999999999678
1617,-0.0009000000000000119,-0.00269999999999998
1618,-0.0008999999999999841,-0.0011000000000000454
1619,0.0,-0.003699999999999981
1620,0.0003999999999999837,0.0015000000000000013
1621,0.00010000000000001674,0.0009000000000000119
1622,0.0,-0.003200000000000036
1623,-0.0013000000000000234,-0.0010999999999999899
1624,0.00040000000000001146,-0.0010999999999999899
1625,0.0,0.003599999999999992
1626,-9.999999999998899e-05,0.0018000000000000238
1627,-0.0019000000000000128,0.0017999999999999683
1628,-0.0005000000000000004,0.0010999999999999899
1629,-0.0005999999999999894,-0.007299999999999973
1630,0.0002999999999999947,0.0028000000000000247
1631,-0.0002999999999999947,-0.0037000000000000366
1632,-0.0029000000000000137,-0.0010000000000000009
1633,0.00020000000000000573,0.006000000000000005
1634,-0.0010000000000000009,-0.0022999999999999687
1635,-0.00020000000000000573,-0.0001000000000000445
1636,-0.003599999999999992,-0.003599999999999992
1637,0.01150000000000001,-0.0029000000000000137
1638,-0.010200000000000015,-0.00039999999999995595
1639,-0.002799999999999997,-0.0012000000000000344
1640,0.0,-0.0005000000000000004
1641,0.0,-0.004500000000000004
1642,-0.0002999999999999947,-0.0005000000000000004
1643,-0.00040000000000001146,0.003400000000000014
1644,0.00020000000000000573,-0.005199999999999982
1645,0.0007000000000000062,0.0005999999999999894
1646,0.004899999999999988,0.0021999999999999797
1647,-0.005199999999999982,-0.003599999999999992
1648,0.0005000000000000004,-0.00019999999999997797
1649,-0.006100000000000022,0.005699999999999983
1650,-0.0022999999999999965,-0.0049000000000000155
1651,0.004799999999999999,-0.0044999999999999485
1652,-0.0031999999999999806,-0.0023000000000000242
1653,-0.0015000000000000013,-0.003500000000000003
1654,-0.0007000000000000062,0.003500000000000003
1655,-0.002799999999999997,-0.0019000000000000128
1656,0.0023999999999999855,0.00030000000000002247
1657,-0.0020000000000000018,-0.0040999999999999925
1658,-0.0005000000000000004,-0.005599999999999994
1659,0.0007000000000000062,-0.003400000000000014
1660,0.0032000000000000084,0.015199999999999991
1661,-0.0058,0.003599999999999992
1662,-0.0050000000000000044,-0.007799999999999974
1663,0.0030999999999999917,-0.0028000000000000247
1664,0.001600000000000018,0.0016999999999999793
1665,-0.0008000000000000229,-0.009999999999999953
1666,0.001600000000000018,-0.005600000000000049
1667,0.00020000000000000573,-0.002799999999999969
1668,-0.003400000000000014,-0.0049000000000000155
1669,0.00020000000000000573,0.00020000000000003348
1670,0.001799999999999996,0.0013999999999999568
1671,0.0010999999999999899,-0.0030000000000000027
1672,-0.005099999999999993,-0.0022999999999999687
1673,0.0020999999999999908,0.00040000000000001146
1674,-0.011399999999999993,-0.013400000000000023
1675,0.022400000000000003,0.02240000000000003
1676,-0.0068000000000000005,-0.005100000000000049
1677,-0.00789999999999999,-0.016199999999999992
1678,0.0032000000000000084,0.016199999999999992
1679,0.011499999999999982,-0.0017999999999999683
1680,-0.003599999999999992,0.0011999999999999789
1681,-0.007400000000000018,0.028299999999999992
1682,-0.0013999999999999846,0.006000000000000005
1683,0.0023999999999999855,-0.0010999999999999899
1684,0.0014000000000000123,-0.01150000000000001
1685,-0.0005000000000000004,0.0013000000000000234
1686,-0.0009000000000000119,-0.0019000000000000128
1687,-0.004799999999999999,0.00030000000000002247
1688,0.010700000000000015,-0.006900000000000017
1689,-0.0007000000000000062,0.0010999999999999899
1690,-0.0007999999999999952,0.005400000000000016
1691,0.002599999999999991,0.0019000000000000128
1692,0.0005000000000000004,0.0017999999999999683
1693,-0.0013999999999999846,0.0013000000000000234
1694,-0.0050000000000000044,0.0022999999999999687
1695,-0.0010000000000000009,0.0050000000000000044
1696,0.002700000000000008,-0.002899999999999958
1697,-0.0005000000000000004,-0.005800000000000027
1698,-0.0014000000000000123,-0.0030000000000000027
1699,-0.004200000000000009,0.0028000000000000247
1700,0.002799999999999997,-0.0050000000000000044
1701,-0.00019999999999997797,-0.0030999999999999917
1702,-0.0032000000000000084,0.0010000000000000009
1703,0.0002999999999999947,0.0044999999999999485
1704,-0.003799999999999998,0.0008000000000000229
1705,0.0024000000000000132,-0.0013000000000000234
1706,-0.0012000000000000066,-0.00269999999999998
1707,0.0012000000000000066,0.0010000000000000009
1708,-0.0019000000000000128,0.0023000000000000242
1709,0.0039000000000000146,0.011699999999999988
1710,0.0010000000000000009,0.0050000000000000044
1711,0.0008999999999999841,0.007699999999999985
1712,0.0030000000000000027,-0.0030000000000000027
1713,0.0,-0.00990000000000002
1714,0.0002999999999999947,-0.008299999999999974
1715,-0.002899999999999986,0.0010999999999999899
1716,0.0,-0.0017999999999999683
1717,-0.0012999999999999956,0.0020999999999999908
1718,0.0011999999999999789,0.0
1719,0.0025000000000000022,-0.0018000000000000238
1720,0.00020000000000000573,-9.999999999998899e-05
1721,-0.001700000000000007,-0.00030000000000002247
1722,0.0007999999999999952,-0.0006999999999999784
1723,0.00010000000000001674,-9.999999999998899e-05
1724,0.0012000000000000066,-0.003200000000000036
1725,0.004599999999999993,-0.00029999999999996696
1726,-0.0010000000000000009,-0.0018000000000000238
1727,-0.0014000000000000123,0.003400000000000014
1728,-0.0005000000000000004,-0.0020000000000000018
1729,-0.0005999999999999894,-9.999999999998899e-05
1730,-0.0007000000000000062,0.0009000000000000119
1731,0.00020000000000000573,0.0
1732,-0.0014000000000000123,0.009199999999999986
1733,-0.0015000000000000013,9.999999999998899e-05
1734,-0.00019999999999997797,-0.007000000000000006
1735,-0.0009000000000000119,-0.0010999999999999899
1736,-0.0003999999999999837,-0.0010000000000000009
1737,0.0009999999999999731,0.0
1738,-9.999999999998899e-05,-0.0010000000000000009
1739,0.007599999999999996,0.0005000000000000004
1740,-0.00949999999999998,0.0
1741,0.0040999999999999925,-0.006199999999999983
1742,-0.0012000000000000066,-0.004599999999999993
1743,-0.0030999999999999917,-0.006700000000000039
1744,0.00269999999999998,0.0020000000000000018
1745,-0.0022999999999999965,0.0019000000000000128
1746,-0.00269999999999998,-0.006799999999999973
1747,0.0022999999999999965,9.999999999998899e-05
1748,0.0002999999999999947,-0.0009000000000000119
1749,-0.002700000000000008,-0.006299999999999972
1750,0.0014000000000000123,-0.00020000000000003348
1751,-0.001600000000000018,0.012500000000000011
1752,0.0013000000000000234,0.003699999999999981
1753,-0.00020000000000000573,-9.999999999998899e-05
1754,-0.0020000000000000018,-0.00269999999999998
1755,-0.0007999999999999952,-0.004200000000000037
1756,0.0,0.0009000000000000119
1757,-0.00040000000000001146,0.0005000000000000004
1758,0.00040000000000001146,0.004500000000000004
1759,0.015600000000000003,-0.0009000000000000119
1760,0.03839999999999999,-0.006399999999999961
1761,-0.021199999999999997,-0.0028000000000000247
1762,0.003500000000000003,0.0021999999999999797
1763,-0.008900000000000019,0.0020000000000000018
1764,0.0,-0.0008999999999999564
1765,-0.002999999999999975,-0.007400000000000018
1766,-0.0048000000000000265,0.0017999999999999683
1767,0.00020000000000000573,-0.0018999999999999573
1768,-0.0023999999999999855,0.0023999999999999577
1769,0.0010999999999999899,-0.0020000000000000018
1770,0.00520000000000001,0.011800000000000033
1771,0.006699999999999984,-0.0008000000000000229
1772,-0.0031999999999999806,0.010000000000000009
1773,-0.004299999999999998,-0.00029999999999996696
1774,-0.0024000000000000132,-0.0007000000000000339
1775,0.0032999999999999974,-0.0021999999999999797
1776,0.0020999999999999908,-0.00030000000000002247
1777,-0.00849999999999998,0.0007000000000000339
1778,-0.00010000000000001674,0.005799999999999972
1779,-0.0013999999999999846,0.01150000000000001
1780,0.0015000000000000013,-0.00269999999999998
1781,0.0020000000000000018,-0.006200000000000039
1782,0.003599999999999992,0.0023000000000000242
1783,-0.002799999999999997,0.0020999999999999908
1784,0.0015000000000000013,-0.00040000000000001146
1785,0.00020000000000000573,-0.0005999999999999894
1786,-0.0007000000000000062,0.0030000000000000027
1787,-0.0007000000000000062,0.0020999999999999908
1788,9.999999999998899e-05,-0.0014000000000000123
1789,0.0005000000000000004,0.0040000000000000036
1790,0.0007000000000000062,0.006800000000000028
1791,0.00010000000000001674,0.0015000000000000013
1792,-0.0022000000000000075,0.0030000000000000027
1793,-0.00040000000000001146,0.0050000000000000044
1794,-0.0003999999999999837,-0.0040000000000000036
1795,0.0,0.0
1796,9.999999999998899e-05,0.0
1797,-0.0005000000000000004,-0.0010000000000000009
1798,-0.0010000000000000009,-0.005400000000000016
1799,-0.0015000000000000013,-0.004599999999999993
1800,-0.003500000000000003,-0.0039000000000000146
1801,-0.0010000000000000009,-0.0031999999999999806
1802,0.0012000000000000066,0.0015999999999999903
1803,0.00040000000000001146,0.0005000000000000004
1804,-0.0011000000000000176,-0.005199999999999982
1805,-0.00019999999999997797,0.012299999999999978
1806,0.0016999999999999793,0.0038000000000000256
1807,0.00040000000000001146,-0.0007000000000000339
1808,-0.00020000000000000573,-0.0011999999999999789
1809,0.005500000000000005,0.007599999999999996
1810,-0.00040000000000001146,-0.0005999999999999894
1811,-0.0005000000000000004,0.0008999999999999564
1812,-0.00019999999999997797,-0.0018999999999999573
1813,9.999999999998899e-05,0.0020000000000000018
1814,-0.0012000000000000066,0.02999999999999997
1815,-0.0008999999999999841,0.0048000000000000265
1816,0.0008999999999999841,0.009000000000000008
1817,-0.0005000000000000004,-0.0019000000000000128
1818,0.00020000000000000573,0.0
1819,0.0009000000000000119,-0.013000000000000012
1820,0.0,-0.0050000000000000044
1821,9.999999999998899e-05,0.009099999999999997
1822,9.999999999998899e-05,-0.0011999999999999789
1823,0.0005000000000000004,0.007099999999999995
1824,-0.0007999999999999952,0.03670000000000001
1825,0.0029000000000000137,-0.0016000000000000458
1826,0.0041999999999999815,0.02070000000000005
1827,0.006900000000000017,-0.009700000000000042
1828,-0.0021000000000000185,0.01050000000000001
1829,0.0012000000000000066,-0.0005000000000000004
1830,-0.0010000000000000009,-0.01100000000000001
1831,-0.001799999999999996,-0.0015000000000000013
1832,-9.999999999998899e-05,0.0
1833,-0.00020000000000000573,-0.00019999999999997797
1834,0.00020000000000000573,0.006199999999999983
1835,0.0002999999999999947,0.013600000000000001
1836,0.003500000000000003,0.0020999999999999908
1837,0.011300000000000004,0.008600000000000052
1838,-0.003400000000000014,0.04169999999999996
1839,0.004599999999999993,0.012399999999999967
1840,-0.0011999999999999789,-0.006899999999999906
1841,0.0020999999999999908,0.0032999999999999696
1842,-0.0011000000000000176,0.020499999999999963
1843,-0.002599999999999991,0.0025000000000000577
1844,-0.0005999999999999894,-0.017900000000000027
1845,0.0,-0.009700000000000042
1846,0.0,0.013800000000000034
1847,0.001700000000000007,0.025499999999999967
1848,9.999999999998899e-05,-0.008900000000000019
1849,-0.0012000000000000066,0.015800000000000036
1850,0.0010000000000000009,-0.011900000000000022
1851,0.00010000000000001674,-0.0050000000000000044
1852,0.0022999999999999965,-0.006099999999999994
1853,0.003799999999999998,-0.014499999999999957
1854,0.0005999999999999894,-0.00539999999999996
1855,0.014000000000000012,0.005799999999999916
1856,0.005999999999999978,-0.02289999999999992
1857,-9.999999999998899e-05,0.016599999999999948
1858,-0.012399999999999994,-0.0044999999999999485
1859,-0.0015999999999999903,-0.010800000000000032
1860,0.00899999999999998,0.0018000000000000238
1861,0.0007999999999999952,0.007000000000000006
1862,-0.001799999999999996,-0.005800000000000027
1863,0.00990000000000002,-0.0022999999999999687
1864,0.00019999999999997797,0.022099999999999898
1865,-0.0030999999999999917,0.0
1866,-0.005299999999999999,-0.0119999999999999
1867,-0.0002999999999999947,-0.0050000000000000044
1868,-0.004500000000000004,-0.03720000000000001
1869,-0.004799999999999999,-0.00770000000000004
1870,-0.0030000000000000027,0.0029000000000000137
1871,-9.999999999998899e-05,0.013900000000000023
1872,9.999999999998899e-05,-0.005400000000000071
1873,-0.0063,-0.008499999999999952
1874,-0.007599999999999996,-0.0257
1875,-0.0009000000000000119,-0.00040000000000001146
1876,0.0011000000000000176,0.009699999999999986
1877,-0.008400000000000019,0.038400000000000045
1878,0.007900000000000018,-0.008099999999999996
1879,-0.001600000000000018,-0.0020000000000000018
1880,-0.001799999999999996,0.009499999999999953
1881,0.008500000000000008,-0.0020000000000000018
1882,-9.999999999998899e-05,-0.00539999999999996
1883,-0.004200000000000009,-0.0050000000000000044
1884,-0.003599999999999992,-0.0020999999999999908
1885,-0.00020000000000000573,-0.0010000000000000009
1886,-0.0030000000000000027,-0.007000000000000006
1887,-0.0002999999999999947,0.015800000000000036
1888,0.0015000000000000013,0.025899999999999923
1889,0.0002999999999999947,-0.0026999999999999247
1890,-0.0005000000000000004,0.007099999999999995
1891,0.001700000000000007,-0.012600000000000056
1892,-0.006900000000000017,-0.0033999999999999586
1893,-0.001700000000000007,0.015000000000000013
1894,0.02210000000000001,-0.0008000000000000229
1895,-0.024400000000000005,-0.0015000000000000568
1896,0.006000000000000005,0.0016000000000000458
1897,-0.0025000000000000022,0.04159999999999997
1898,0.0009000000000000119,0.0010000000000000009
1899,0.0,-0.009000000000000008
1900,0.0002999999999999947,0.0013000000000000789
1901,0.0007000000000000062,-0.0006000000000000449
1902,-0.0022000000000000075,-0.0031999999999999806
1903,-0.0010999999999999899,0.045499999999999985
1904,-0.00010000000000001674,0.010099999999999998
1905,-0.003899999999999987,-0.0040999999999999925
1906,-0.005099999999999993,-0.014600000000000057
1907,-0.00360000000000002,-0.01979999999999993
1908,0.002799999999999997,-0.017400000000000082
1909,-0.005299999999999999,0.00040000000000006697
1910,-0.0012999999999999956,-0.03949999999999998
1911,0.01580000000000001,0.03499999999999992
1912,0.0013999999999999846,0.03180000000000005
1913,-0.010299999999999976,-0.026800000000000046
1914,0.003599999999999992,0.01200000000000001
1915,0.0015999999999999903,0.007800000000000029
1916,-0.0012999999999999956,-0.010099999999999998
1917,-0.002799999999999997,-0.01980000000000004
1918,-0.006099999999999994,0.019100000000000006
1919,0.005299999999999999,0.01980000000000004
1920,-0.0022000000000000075,-0.00880000000000003
1921,0.0032999999999999974,-0.01539999999999997
1922,0.0015999999999999903,0.008399999999999963
1923,0.00040000000000001146,0.009199999999999986
1924,-0.002899999999999986,-0.005199999999999982
1925,-0.00360000000000002,-0.0050000000000000044
1926,0.006099999999999994,-0.0020999999999999908
1927,0.0005000000000000004,-0.0010999999999999899
1928,0.0011000000000000176,0.012199999999999989
1929,-0.001799999999999996,-0.0010000000000000009
1930,0.0033999999999999864,0.013000000000000012
1931,0.005500000000000005,0.016000000000000014
1932,0.0068000000000000005,0.010000000000000009
1933,-0.0022000000000000075,0.00039999999999995595
1934,0.0002999999999999947,0.0
1935,0.0012000000000000066,-0.00759999999999994
1936,0.0010000000000000009,0.0032999999999999696
1937,0.0009000000000000119,0.0009000000000000119
1938,-0.001600000000000018,-0.026000000000000023
1939,0.0028000000000000247,0.009700000000000042
1940,0.002999999999999975,0.009599999999999942
1941,0.0021000000000000185,-0.013499999999999956
1942,-0.005500000000000005,-0.015100000000000002
1943,-0.009800000000000003,0.01429999999999998
1944,0.00020000000000000573,0.0
1945,9.999999999998899e-05,-0.016100000000000003
1946,-0.0040000000000000036,0.007500000000000062
1947,0.009099999999999997,-0.006500000000000061
1948,0.0,-0.011499999999999955
1949,-0.004699999999999982,0.007000000000000006
1950,-0.0012000000000000066,0.0045999999999999375
1951,0.0019000000000000128,0.00660000000000005
1952,0.0022999999999999965,-0.013600000000000056
1953,0.0002999999999999947,-0.006000000000000005
1954,0.0012000000000000066,-0.005599999999999938
1955,0.0010999999999999899,-0.006400000000000072
1956,-0.0012999999999999956,-0.0030000000000000027
1957,-0.0010000000000000009,-0.008399999999999963
1958,0.0010000000000000009,0.0042999999999999705
1959,-0.0005000000000000004,0.0052000000000000934
1960,-0.00040000000000001146,0.0018999999999999018
1961,-0.0016999999999999793,-0.0013999999999999568
1962,0.0012999999999999956,0.00039999999999995595
1963,-0.0012999999999999956,-0.0010000000000000009
1964,0.0033999999999999864,-0.0050000000000000044
1965,-0.0023999999999999855,0.0040000000000000036
1966,0.0007999999999999952,0.0242
1967,0.002899999999999986,0.022700000000000053
1968,0.002600000000000019,-0.00019999999999997797
1969,0.0005999999999999894,-0.010700000000000043
1970,0.0005999999999999894,0.0020000000000000018
1971,0.00020000000000000573,-0.007000000000000006
1972,0.0030000000000000027,0.0020000000000000018
1973,0.0005000000000000004,0.013000000000000012
1974,0.0,0.0
1975,0.0014000000000000123,-0.008000000000000007
1976,0.0011999999999999789,0.015600000000000058
1977,-0.0010000000000000009,0.0232
1978,0.0007999999999999952,0.0007999999999999119
1979,-0.00019999999999997797,-0.00979999999999992
1980,0.00019999999999997797,-0.011199999999999988
1981,0.0,0.0013999999999999568
1982,0.00020000000000000573,0.0050000000000000044
1983,0.0,0.0
1984,-0.0005000000000000004,0.0029000000000000137
1985,0.0,0.011099999999999999
1986,-0.0007999999999999952,0.039999999999999925
1987,0.0007000000000000062,0.010000000000000009
1988,0.0005999999999999894,-0.006299999999999972
1989,-0.0025000000000000022,-0.006699999999999928
1990,0.001700000000000007,-0.0030000000000000027
1991,0.00010000000000001674,0.006899999999999906
1992,-0.002700000000000008,0.009099999999999997
1993,-0.0020000000000000018,0.02540000000000009
1994,-0.0019000000000000128,-0.007099999999999995
1995,0.00040000000000001146,0.012599999999999945
1996,0.0008999999999999841,0.009299999999999975
1997,0.0,0.005800000000000027
1998,0.0008000000000000229,0.03400000000000003
1999,-0.00030000000000002247,0.0
